"Heaving frequency in [Hz],  from motor excitations",Wind speed [m/s],0,1,2,3,4,5,6,7,8,9,10,11,12,13,14,15,16,17,18,19,20,21,22,23,24,25,26,27,28,29,30,31,32,33,34,35,36,37,38,39
1.0,10,0.981,0.0315,0.9855,0.058,1.0,0.929,0.0265,0.8175,0.9255,0.9275,0.0,0.098,1.0,0.802,0.159,0.1795,0.099,0.0,0.749,0.2745,0.817,1.0,0.4565,1.0,0.2315,0.049,0.186,0.253,0.1865,0.817,0.8195,0.2365,0.3665,0.3545,0.1245,0.8755,0.1245,0.605,0.605,0.882
1.0,10,0.9795,0.0315,0.9855,0.0575,1.0,0.926,0.0265,0.8175,0.926,0.9275,0.0,0.0915,1.0,0.8025,0.1565,0.177,0.099,0.0,0.7485,0.2745,0.817,1.0,0.457,1.0,0.239,0.063,0.1935,0.228,0.185,0.817,0.832,0.2325,0.357,0.3605,0.1245,0.8755,0.121,0.6215,0.6005,0.9055
1.0,10,0.9815,0.0315,0.9855,0.058,1.0,0.9295,0.0265,0.8175,0.9265,0.928,0.0,0.0955,1.0,0.803,0.14,0.1685,0.099,0.0,0.753,0.2745,0.817,1.0,0.4525,1.0,0.238,0.0605,0.1795,0.2245,0.184,0.817,0.84,0.2275,0.3605,0.3615,0.1245,0.8755,0.115,0.602,0.5955,0.9485
1.0,10,0.9805,0.0315,0.9855,0.058,1.0,0.928,0.0265,0.8175,0.9265,0.929,0.0,0.0885,1.0,0.802,0.1375,0.1655,0.099,0.0,0.764,0.2745,0.817,1.0,0.4545,1.0,0.226,0.0675,0.1635,0.2105,0.1855,0.817,0.8415,0.2275,0.3545,0.3455,0.1245,0.8755,0.1075,0.5855,0.583,0.9605
1.0,10,0.9815,0.0315,0.9855,0.058,1.0,0.933,0.0265,0.818,0.927,0.9295,0.0,0.089,1.0,0.8025,0.1485,0.162,0.099,0.0,0.7695,0.2745,0.817,1.0,0.451,1.0,0.214,0.063,0.1605,0.2075,0.183,0.817,0.854,0.2085,0.3455,0.348,0.1245,0.8755,0.1095,0.5885,0.5845,0.983
1.0,10,0.981,0.0315,0.9855,0.058,1.0,0.9315,0.0265,0.818,0.926,0.9295,0.0,0.082,1.0,0.8025,0.1395,0.1735,0.099,0.0,0.765,0.2745,0.817,1.0,0.452,1.0,0.2095,0.0595,0.156,0.2145,0.185,0.817,0.8445,0.214,0.347,0.3475,0.1245,0.8755,0.113,0.581,0.587,0.987
1.0,10,0.979,0.0315,0.9855,0.058,1.0,0.9255,0.0265,0.8175,0.926,0.927,0.0,0.119,1.0,0.8025,0.161,0.1805,0.099,0.0,0.74,0.2745,0.817,1.0,0.4575,1.0,0.2545,0.0655,0.235,0.2765,0.188,0.817,0.8215,0.2365,0.366,0.369,0.1245,0.8755,0.1245,0.6455,0.611,0.7935
1.0,10,0.981,0.0315,0.9855,0.058,1.0,0.924,0.0265,0.8175,0.9255,0.9275,0.0,0.095,1.0,0.803,0.152,0.173,0.099,0.0,0.7525,0.2745,0.817,1.0,0.457,1.0,0.2555,0.069,0.205,0.2505,0.1855,0.817,0.829,0.2435,0.3655,0.363,0.1245,0.8755,0.124,0.633,0.607,0.8165
1.0,10,0.981,0.0315,0.9855,0.058,1.0,0.93,0.0265,0.8175,0.926,0.927,0.0,0.095,1.0,0.802,0.142,0.1725,0.099,0.0,0.7445,0.2745,0.817,1.0,0.455,1.0,0.2425,0.0685,0.182,0.231,0.185,0.817,0.843,0.231,0.363,0.3585,0.1245,0.8755,0.12,0.603,0.602,0.911
1.0,10,0.981,0.0315,0.9855,0.058,1.0,0.93,0.0265,0.8175,0.927,0.93,0.0,0.112,1.0,0.8025,0.1575,0.1805,0.099,0.0,0.746,0.2745,0.817,1.0,0.4515,1.0,0.252,0.057,0.2205,0.2455,0.186,0.817,0.8525,0.22,0.339,0.351,0.1245,0.8755,0.1145,0.5945,0.5885,0.8935
1.0,10,0.98,0.0315,0.9855,0.0575,1.0,0.932,0.0265,0.819,0.927,0.93,0.0,0.08,1.0,0.803,0.124,0.159,0.099,0.0,0.763,0.2745,0.817,1.0,0.453,1.0,0.222,0.05,0.167,0.221,0.185,0.817,0.861,0.216,0.3275,0.346,0.1245,0.8755,0.099,0.565,0.5835,0.979
1.0,10,0.982,0.0315,0.9855,0.058,1.0,0.94,0.0265,0.8185,0.927,0.9365,0.0,0.0765,1.0,0.8035,0.1215,0.1595,0.099,0.0,0.7915,0.274,0.817,1.0,0.45,1.0,0.2145,0.051,0.134,0.18,0.183,0.817,0.8655,0.1795,0.3345,0.332,0.1245,0.8755,0.064,0.52,0.531,0.997
1.0,20,0.9895,0.021,1.0,0.0355,0.9805,1.0,0.0,0.927,0.927,0.992,0.0,0.073,1.0,0.897,0.0995,0.0495,0.0495,0.0,0.865,0.1835,0.811,1.0,0.183,1.0,0.0915,0.0,0.0915,0.0945,0.183,0.817,0.6265,0.0,0.1245,0.3635,0.1245,0.8755,0.0,0.8525,0.1245,1.0
1.0,20,0.9895,0.021,1.0,0.0385,0.9805,1.0,0.0,0.927,0.927,0.9965,0.0,0.073,1.0,0.8995,0.0995,0.0495,0.0495,0.0,0.865,0.183,0.817,1.0,0.183,1.0,0.0915,0.0,0.0915,0.092,0.183,0.817,0.6275,0.0,0.1245,0.356,0.1245,0.8755,0.0,0.853,0.1245,1.0
1.0,20,0.9895,0.021,1.0,0.034,0.9805,1.0,0.0,0.927,0.927,0.9995,0.0,0.073,1.0,0.897,0.1,0.0495,0.0495,0.0,0.865,0.1835,0.817,1.0,0.183,1.0,0.0915,0.0,0.0915,0.093,0.183,0.817,0.6275,0.0,0.1245,0.3455,0.1245,0.8755,0.0,0.831,0.1245,1.0
1.0,20,0.9895,0.021,1.0,0.032,0.9805,1.0,0.0,0.927,0.927,0.9985,0.0,0.073,1.0,0.9005,0.099,0.0495,0.0495,0.0,0.865,0.183,0.8155,1.0,0.183,1.0,0.0915,0.0,0.0915,0.0935,0.183,0.817,0.6265,0.0,0.1245,0.3375,0.1245,0.8755,0.0,0.8185,0.1245,1.0
1.0,20,0.9895,0.021,1.0,0.031,0.981,1.0,0.0,0.927,0.927,0.9995,0.0,0.073,1.0,0.9,0.099,0.0495,0.0495,0.0,0.865,0.1835,0.815,1.0,0.183,1.0,0.0915,0.0,0.0915,0.0915,0.183,0.817,0.627,0.0,0.1245,0.3265,0.1245,0.8755,0.0,0.818,0.1245,1.0
1.0,20,0.9895,0.021,1.0,0.034,0.9805,1.0,0.0,0.927,0.927,1.0,0.0,0.073,1.0,0.9,0.0995,0.0495,0.0495,0.0,0.865,0.1835,0.8135,1.0,0.183,1.0,0.0915,0.0,0.0915,0.092,0.183,0.817,0.6265,0.0,0.1245,0.3175,0.1245,0.8755,0.0,0.829,0.1245,1.0
1.0,20,0.9895,0.021,1.0,0.0295,0.9815,1.0,0.0,0.927,0.927,1.0,0.0,0.073,1.0,0.901,0.099,0.0495,0.0495,0.0,0.865,0.183,0.817,1.0,0.183,1.0,0.0915,0.0,0.0915,0.0915,0.183,0.817,0.6275,0.0,0.1245,0.282,0.1245,0.8755,0.0,0.827,0.1245,1.0
1.0,20,0.9895,0.021,1.0,0.031,0.983,1.0,0.0,0.927,0.927,1.0,0.0,0.073,1.0,0.9,0.099,0.0495,0.0495,0.0,0.865,0.183,0.817,1.0,0.183,1.0,0.0915,0.0,0.0915,0.0925,0.183,0.817,0.6315,0.0,0.1245,0.2895,0.1245,0.8755,0.0,0.825,0.1245,1.0
1.0,20,0.9895,0.021,1.0,0.0305,0.9815,1.0,0.0,0.927,0.927,1.0,0.0,0.073,1.0,0.9,0.099,0.0495,0.0495,0.0,0.865,0.1835,0.8155,1.0,0.183,1.0,0.0915,0.0,0.0915,0.0935,0.183,0.817,0.627,0.0,0.1245,0.279,0.1245,0.8755,0.0,0.7925,0.1245,1.0
1.0,20,0.9895,0.021,1.0,0.03,0.9835,1.0,0.0,0.927,0.927,1.0,0.0,0.073,1.0,0.901,0.099,0.0495,0.0495,0.0,0.865,0.183,0.817,1.0,0.183,1.0,0.0915,0.0,0.0915,0.092,0.183,0.817,0.629,0.0,0.1245,0.273,0.1245,0.8755,0.0,0.7815,0.1245,1.0
1.0,20,0.9895,0.021,1.0,0.0305,0.985,1.0,0.0,0.927,0.927,1.0,0.0,0.073,1.0,0.901,0.0995,0.0495,0.0495,0.0,0.865,0.183,0.817,1.0,0.183,1.0,0.0915,0.0,0.0915,0.0915,0.183,0.817,0.6285,0.0,0.1245,0.2735,0.1245,0.8755,0.0,0.8,0.1245,1.0
1.0,20,0.9895,0.021,1.0,0.03,0.985,1.0,0.0,0.927,0.927,0.9995,0.0,0.073,1.0,0.901,0.099,0.0495,0.0495,0.0,0.865,0.183,0.817,1.0,0.183,1.0,0.0915,0.0,0.0915,0.092,0.183,0.817,0.629,0.0,0.1245,0.269,0.1245,0.8755,0.0,0.8135,0.1245,1.0
1.9,10,0.984,0.026,0.9855,0.0375,1.0,0.997,0.0265,0.922,0.927,0.9995,0.0,0.074,1.0,0.841,0.101,0.062,0.086,0.0,0.864,0.247,0.817,1.0,0.2265,1.0,0.1055,0.0005,0.092,0.107,0.183,0.817,0.8755,0.0005,0.135,0.041,0.1245,0.8755,0.0,0.4115,0.128,1.0
1.9,10,0.9885,0.028,0.9915,0.037,1.0,1.0,0.0265,0.9235,0.927,1.0,0.0,0.073,1.0,0.85,0.099,0.0575,0.079,0.0,0.865,0.246,0.817,1.0,0.213,1.0,0.1125,0.0005,0.0925,0.107,0.183,0.817,0.8755,0.0,0.1255,0.017,0.1245,0.8755,0.0,0.4045,0.1265,1.0
1.9,10,0.9895,0.029,0.998,0.039,1.0,1.0,0.0265,0.926,0.927,1.0,0.0,0.073,1.0,0.848,0.099,0.0595,0.0705,0.0,0.865,0.233,0.817,1.0,0.203,1.0,0.113,0.0,0.092,0.1035,0.183,0.817,0.8755,0.0,0.1265,0.02,0.1245,0.8755,0.0,0.404,0.1265,1.0
1.9,10,0.9895,0.025,1.0,0.036,1.0,1.0,0.025,0.927,0.927,0.9995,0.0,0.073,1.0,0.8505,0.1,0.058,0.0635,0.0,0.865,0.2335,0.817,1.0,0.201,1.0,0.105,0.0,0.092,0.0995,0.183,0.817,0.8755,0.0,0.127,0.0205,0.1245,0.8755,0.0,0.406,0.125,1.0
1.9,10,0.9895,0.0225,1.0,0.041,1.0,1.0,0.026,0.927,0.927,1.0,0.0,0.073,1.0,0.86,0.099,0.059,0.0615,0.0,0.865,0.2325,0.817,1.0,0.1905,1.0,0.107,0.0,0.0925,0.099,0.183,0.817,0.8755,0.0005,0.1245,0.0075,0.1245,0.8755,0.0,0.4135,0.1255,1.0
1.9,10,0.9885,0.0215,1.0,0.034,1.0,0.9995,0.026,0.926,0.927,1.0,0.0,0.073,1.0,0.8535,0.1,0.0605,0.0655,0.0,0.8645,0.226,0.817,1.0,0.19,1.0,0.112,0.0,0.0925,0.101,0.183,0.817,0.8755,0.0005,0.126,0.015,0.1245,0.8755,0.0,0.404,0.126,1.0
1.9,10,0.984,0.0305,0.9855,0.042,1.0,0.998,0.0265,0.9215,0.927,1.0,0.0,0.073,1.0,0.841,0.1005,0.056,0.0885,0.0,0.864,0.2435,0.817,1.0,0.2435,1.0,0.1145,0.0,0.093,0.11,0.183,0.817,0.8755,0.0,0.1365,0.0335,0.1245,0.8755,0.0,0.404,0.1295,1.0
1.9,10,0.989,0.024,0.9985,0.036,1.0,1.0,0.0265,0.9255,0.927,1.0,0.0,0.073,1.0,0.8525,0.099,0.056,0.0725,0.0,0.865,0.2375,0.817,1.0,0.2065,1.0,0.105,0.0,0.0915,0.115,0.183,0.817,0.8755,0.001,0.126,0.0145,0.1245,0.8755,0.0,0.3915,0.1305,1.0
1.9,10,0.9895,0.029,0.9965,0.035,1.0,1.0,0.0265,0.926,0.927,1.0,0.0,0.073,1.0,0.8485,0.1,0.0545,0.0705,0.0,0.8645,0.235,0.817,1.0,0.209,1.0,0.1055,0.0005,0.093,0.111,0.183,0.817,0.8755,0.0,0.125,0.0215,0.1245,0.8755,0.0,0.391,0.1245,1.0
1.9,10,0.989,0.025,1.0,0.037,1.0,0.9995,0.0265,0.9255,0.927,1.0,0.0,0.073,1.0,0.8555,0.099,0.055,0.0665,0.0,0.865,0.23,0.817,1.0,0.197,1.0,0.1075,0.0,0.092,0.0995,0.183,0.817,0.8755,0.0005,0.1255,0.01,0.1245,0.8755,0.0,0.3985,0.1255,1.0
1.9,10,0.989,0.0215,1.0,0.037,1.0,1.0,0.026,0.9245,0.927,1.0,0.0,0.073,1.0,0.8545,0.099,0.057,0.0655,0.0,0.8645,0.232,0.817,1.0,0.198,1.0,0.101,0.0,0.0915,0.1055,0.183,0.817,0.8755,0.0,0.1255,0.0155,0.1245,0.8755,0.0,0.4025,0.1255,1.0
1.9,10,0.989,0.023,1.0,0.038,1.0,0.9995,0.0255,0.926,0.927,1.0,0.0,0.073,1.0,0.857,0.099,0.0545,0.064,0.0,0.865,0.2245,0.817,1.0,0.1895,1.0,0.101,0.0,0.0915,0.105,0.1835,0.817,0.8755,0.001,0.1255,0.009,0.1245,0.8755,0.0,0.4025,0.1255,1.0
1.9,20,0.9895,0.021,1.0,0.0295,0.998,1.0,0.0,0.927,0.927,1.0,0.0,0.073,1.0,0.901,0.099,0.0495,0.0495,0.0,0.865,0.183,0.8165,1.0,0.183,1.0,0.0915,0.0,0.0915,0.0915,0.183,0.817,0.6815,0.0,0.1245,0.195,0.1245,0.8755,0.0,0.6805,0.1245,1.0
1.9,20,0.9895,0.021,1.0,0.0295,0.999,1.0,0.0,0.927,0.927,1.0,0.0,0.073,1.0,0.901,0.099,0.0495,0.0495,0.0,0.865,0.183,0.817,1.0,0.183,1.0,0.0915,0.0,0.0915,0.0915,0.183,0.817,0.697,0.0,0.1245,0.1575,0.1245,0.8755,0.0,0.7225,0.1245,1.0
1.9,20,0.9895,0.021,1.0,0.029,0.9985,1.0,0.0,0.927,0.927,1.0,0.0,0.073,1.0,0.901,0.099,0.0495,0.0495,0.0,0.865,0.183,0.817,1.0,0.183,1.0,0.0915,0.0,0.0915,0.0915,0.183,0.817,0.7195,0.0,0.1245,0.161,0.1245,0.8755,0.0,0.7035,0.1245,1.0
1.9,20,0.9895,0.021,1.0,0.029,1.0,1.0,0.0,0.927,0.927,1.0,0.0,0.073,1.0,0.901,0.099,0.0495,0.0495,0.0,0.865,0.183,0.817,1.0,0.183,1.0,0.0915,0.0,0.0915,0.0915,0.183,0.817,0.704,0.0,0.1245,0.133,0.1245,0.8755,0.0,0.702,0.1245,1.0
1.9,20,0.9895,0.021,1.0,0.029,1.0,1.0,0.0,0.927,0.927,1.0,0.0,0.073,1.0,0.901,0.099,0.0495,0.0495,0.0,0.865,0.183,0.817,1.0,0.183,1.0,0.0915,0.0,0.0915,0.0915,0.183,0.817,0.73,0.0,0.1245,0.11,0.1245,0.8755,0.0,0.68,0.1245,1.0
1.9,20,0.9895,0.021,1.0,0.029,1.0,1.0,0.0,0.927,0.927,1.0,0.0,0.073,1.0,0.901,0.099,0.0495,0.0495,0.0,0.865,0.183,0.817,1.0,0.183,1.0,0.0915,0.0,0.0915,0.0915,0.183,0.817,0.7285,0.0,0.1245,0.09,0.1245,0.8755,0.0,0.6755,0.1245,1.0
1.9,20,0.9895,0.021,1.0,0.029,1.0,1.0,0.0,0.927,0.927,1.0,0.0,0.073,1.0,0.9005,0.099,0.0495,0.0495,0.0,0.865,0.183,0.817,1.0,0.183,1.0,0.0915,0.0,0.0915,0.0915,0.183,0.817,0.69,0.0,0.1245,0.141,0.1245,0.8755,0.0,0.691,0.1245,1.0
1.9,20,0.9895,0.021,1.0,0.029,1.0,1.0,0.0,0.927,0.927,1.0,0.0,0.073,1.0,0.901,0.099,0.0495,0.0495,0.0,0.865,0.183,0.817,1.0,0.183,1.0,0.0915,0.0,0.0915,0.0915,0.183,0.817,0.7115,0.0,0.1245,0.145,0.1245,0.8755,0.0,0.693,0.1245,1.0
1.9,20,0.9895,0.021,1.0,0.029,1.0,1.0,0.0,0.927,0.927,1.0,0.0,0.073,1.0,0.901,0.099,0.0495,0.0495,0.0,0.865,0.183,0.816,1.0,0.183,1.0,0.0915,0.0,0.0915,0.0915,0.183,0.817,0.705,0.0,0.1245,0.1245,0.1245,0.8755,0.0,0.669,0.1245,1.0
1.9,20,0.9895,0.021,1.0,0.0295,1.0,1.0,0.0,0.927,0.927,1.0,0.0,0.073,1.0,0.901,0.099,0.0495,0.0495,0.0,0.865,0.183,0.817,1.0,0.183,1.0,0.0915,0.0,0.0915,0.0915,0.183,0.817,0.7115,0.0,0.1245,0.0805,0.1245,0.8755,0.0,0.6725,0.1245,1.0
1.9,20,0.9895,0.021,1.0,0.029,1.0,1.0,0.0,0.927,0.927,1.0,0.0,0.073,1.0,0.901,0.099,0.0495,0.0495,0.0,0.865,0.183,0.817,1.0,0.183,1.0,0.0915,0.0,0.0915,0.0915,0.183,0.817,0.717,0.0,0.1245,0.093,0.1245,0.8755,0.0,0.6925,0.1245,1.0
1.9,20,0.9895,0.021,1.0,0.029,1.0,1.0,0.0,0.927,0.927,1.0,0.0,0.073,1.0,0.901,0.099,0.0495,0.0495,0.0,0.865,0.183,0.817,1.0,0.183,1.0,0.0915,0.0,0.0915,0.0915,0.183,0.817,0.725,0.0,0.1245,0.0655,0.1245,0.8755,0.0,0.6855,0.1245,1.0
1.0,10,0.979,0.0315,0.9855,0.058,0.9805,0.9205,0.0265,0.8175,0.8905,0.927,0.073,0.146,0.9505,0.802,0.2475,0.198,0.099,0.056,0.73,0.2745,0.7255,0.817,0.4575,0.9085,0.366,0.0915,0.366,0.366,0.4575,0.634,0.6265,0.249,0.3735,0.3735,0.6225,0.6295,0.1245,0.8715,0.6225,0.751
1.0,10,0.979,0.0315,0.9855,0.058,0.9805,0.9205,0.0265,0.8175,0.8905,0.927,0.073,0.146,0.9505,0.802,0.2475,0.198,0.099,0.0625,0.73,0.2745,0.7255,0.817,0.4575,0.9085,0.366,0.0915,0.366,0.366,0.4575,0.634,0.6265,0.249,0.3735,0.3735,0.622,0.631,0.1245,0.8715,0.6225,0.751
1.0,10,0.979,0.0315,0.9855,0.058,0.9805,0.9205,0.0265,0.8175,0.8905,0.927,0.073,0.146,0.9505,0.802,0.2475,0.198,0.099,0.06,0.73,0.2745,0.7255,0.817,0.4575,0.9085,0.366,0.0915,0.366,0.366,0.4575,0.634,0.6265,0.249,0.3735,0.3735,0.622,0.63,0.1245,0.8715,0.6225,0.751
1.0,10,0.979,0.0315,0.9855,0.058,0.9805,0.9205,0.0265,0.8175,0.8905,0.927,0.073,0.146,0.9505,0.802,0.2475,0.198,0.099,0.0535,0.73,0.2745,0.7255,0.817,0.4575,0.9085,0.366,0.0915,0.366,0.366,0.4575,0.634,0.6265,0.249,0.3735,0.3735,0.622,0.6325,0.1245,0.8715,0.6225,0.751
1.0,10,0.979,0.0315,0.9855,0.058,0.9805,0.9205,0.0265,0.8175,0.8905,0.927,0.073,0.146,0.9505,0.802,0.2475,0.198,0.099,0.057,0.73,0.2745,0.7255,0.817,0.4575,0.9085,0.366,0.0915,0.366,0.366,0.4565,0.634,0.6265,0.249,0.3735,0.3735,0.6225,0.6345,0.1245,0.8715,0.6225,0.751
1.0,10,0.979,0.0315,0.9855,0.058,0.9805,0.9205,0.0265,0.8175,0.8905,0.927,0.073,0.146,0.9505,0.802,0.2475,0.198,0.099,0.023,0.73,0.2745,0.7255,0.817,0.4575,0.9085,0.366,0.0915,0.366,0.366,0.4575,0.634,0.6265,0.249,0.3735,0.3735,0.6215,0.636,0.1245,0.8715,0.6225,0.751
1.0,10,0.979,0.0315,0.9855,0.058,0.9805,0.9205,0.0265,0.8175,0.8905,0.927,0.073,0.146,0.9505,0.802,0.2475,0.198,0.099,0.045,0.73,0.2745,0.7255,0.817,0.4575,0.9085,0.366,0.0915,0.366,0.366,0.4575,0.634,0.6265,0.249,0.3735,0.3735,0.6225,0.636,0.1245,0.8715,0.6225,0.751
1.0,10,0.979,0.0315,0.9855,0.058,0.9805,0.9205,0.0265,0.8175,0.8905,0.927,0.073,0.146,0.9505,0.802,0.2475,0.198,0.099,0.0425,0.73,0.2745,0.7255,0.817,0.4575,0.9085,0.366,0.0915,0.366,0.366,0.4575,0.634,0.6265,0.249,0.3735,0.3735,0.6225,0.641,0.1245,0.8715,0.6225,0.751
1.0,10,0.979,0.0315,0.9855,0.058,0.9805,0.9205,0.0265,0.8175,0.8905,0.927,0.073,0.146,0.9505,0.802,0.2475,0.198,0.099,0.0465,0.73,0.2745,0.7255,0.817,0.4575,0.9085,0.366,0.0915,0.366,0.366,0.4575,0.634,0.6265,0.249,0.3735,0.3735,0.6195,0.6385,0.1245,0.8715,0.6225,0.751
1.0,10,0.979,0.0315,0.9855,0.058,0.9805,0.9205,0.0265,0.8175,0.8905,0.927,0.073,0.146,0.9505,0.802,0.2475,0.198,0.099,0.042,0.73,0.2745,0.7255,0.817,0.4575,0.9085,0.366,0.0915,0.366,0.366,0.4575,0.634,0.6265,0.249,0.3735,0.3735,0.6195,0.645,0.1245,0.8715,0.6225,0.751
1.0,10,0.979,0.0315,0.9855,0.058,0.9805,0.9205,0.0265,0.8175,0.8905,0.927,0.073,0.146,0.9505,0.802,0.2475,0.198,0.099,0.0395,0.73,0.2745,0.7255,0.817,0.4575,0.9085,0.366,0.0915,0.366,0.366,0.4575,0.634,0.6265,0.249,0.3735,0.3735,0.6215,0.644,0.1245,0.8715,0.6225,0.751
1.0,10,0.979,0.0315,0.9855,0.058,0.9805,0.9205,0.0265,0.8175,0.8905,0.927,0.073,0.146,0.9505,0.802,0.2475,0.198,0.099,0.02,0.73,0.2745,0.7255,0.817,0.4575,0.9085,0.366,0.0915,0.366,0.366,0.4575,0.634,0.6265,0.249,0.3735,0.3735,0.6205,0.646,0.1245,0.8715,0.6225,0.751
1.0,20,0.9825,0.0315,0.9855,0.058,0.9805,0.927,0.0265,0.829,0.926,0.927,0.0,0.146,0.9505,0.802,0.2475,0.1975,0.099,0.0,0.8305,0.2715,0.7255,0.817,0.454,1.0,0.2865,0.07,0.2875,0.3655,0.3435,0.634,0.6265,0.118,0.3735,0.3735,0.6215,0.8755,0.1245,0.8715,0.446,0.7515
1.0,20,0.981,0.0315,0.9855,0.058,0.9805,0.9235,0.0265,0.846,0.927,0.927,0.0,0.146,0.951,0.802,0.2475,0.1975,0.099,0.0,0.8535,0.273,0.7255,0.817,0.443,1.0,0.2435,0.0675,0.285,0.363,0.329,0.634,0.6265,0.053,0.3735,0.3735,0.6215,0.8755,0.1245,0.8715,0.4025,0.7575
1.0,20,0.9815,0.0315,0.9855,0.058,0.9805,0.926,0.0265,0.837,0.9265,0.927,0.0,0.146,0.9505,0.802,0.2475,0.198,0.099,0.0,0.8535,0.2715,0.7255,0.817,0.453,1.0,0.2825,0.0725,0.262,0.363,0.3185,0.634,0.6265,0.1175,0.3735,0.3735,0.6225,0.8755,0.1245,0.8715,0.3975,0.7565
1.0,20,0.985,0.0315,0.9855,0.058,0.9805,0.929,0.0265,0.8475,0.926,0.927,0.0,0.146,0.9515,0.802,0.2475,0.198,0.099,0.0,0.835,0.2735,0.7255,0.817,0.4345,1.0,0.261,0.07,0.28,0.3635,0.324,0.634,0.6265,0.0285,0.3735,0.3735,0.6215,0.8755,0.1245,0.8715,0.398,0.762
1.0,20,0.981,0.0315,0.9855,0.058,0.9805,0.9325,0.0265,0.846,0.927,0.927,0.0,0.146,0.9825,0.802,0.247,0.198,0.099,0.0,0.8575,0.2725,0.7255,0.817,0.4405,1.0,0.2415,0.0845,0.2785,0.36,0.3005,0.634,0.6265,0.085,0.3735,0.3735,0.6215,0.8755,0.1245,0.8715,0.3485,0.775
1.0,20,0.9845,0.0315,0.9855,0.058,0.9805,0.9325,0.0265,0.8735,0.9255,0.927,0.0,0.146,0.9935,0.802,0.2475,0.1975,0.099,0.0,0.8555,0.274,0.7255,0.817,0.4335,1.0,0.218,0.074,0.233,0.363,0.286,0.634,0.6265,0.0165,0.373,0.3735,0.622,0.8755,0.1245,0.8715,0.2915,0.807
1.0,20,0.982,0.0315,0.9855,0.058,0.9805,0.934,0.0265,0.8625,0.926,0.927,0.0,0.146,0.971,0.802,0.2475,0.198,0.099,0.0,0.857,0.273,0.7255,0.817,0.4325,1.0,0.253,0.056,0.2355,0.364,0.304,0.634,0.6265,0.024,0.3735,0.3735,0.622,0.8755,0.1245,0.8715,0.3165,0.772
1.0,20,0.9845,0.0315,0.9855,0.058,0.9805,0.94,0.0265,0.8655,0.926,0.927,0.0,0.146,0.985,0.802,0.2475,0.1975,0.099,0.0,0.855,0.2735,0.7255,0.817,0.4175,1.0,0.2505,0.0635,0.211,0.3585,0.288,0.634,0.6265,0.031,0.373,0.3735,0.62,0.8755,0.1245,0.8715,0.305,0.802
1.0,20,0.984,0.0315,0.9855,0.058,0.9805,0.936,0.0265,0.8895,0.9265,0.927,0.0,0.146,0.972,0.802,0.2475,0.198,0.099,0.0,0.861,0.2735,0.7255,0.817,0.427,1.0,0.226,0.0595,0.228,0.36,0.2925,0.634,0.6265,0.035,0.3735,0.3735,0.621,0.8755,0.1245,0.8715,0.315,0.803
1.0,20,0.983,0.0315,0.9855,0.058,0.9805,0.9315,0.0265,0.8725,0.927,0.927,0.0,0.146,0.9865,0.802,0.2475,0.197,0.099,0.0,0.8585,0.2725,0.7255,0.817,0.4085,1.0,0.2125,0.066,0.2105,0.3605,0.2865,0.634,0.6265,0.0165,0.3735,0.3735,0.6195,0.8755,0.1245,0.8715,0.2945,0.813
1.0,20,0.9845,0.0315,0.9855,0.058,0.9805,0.94,0.0265,0.894,0.9265,0.927,0.0,0.146,0.9995,0.802,0.2475,0.1975,0.099,0.0,0.8535,0.27,0.7255,0.8175,0.415,1.0,0.2165,0.0595,0.178,0.3545,0.2665,0.634,0.6265,0.0175,0.373,0.3735,0.6195,0.8755,0.1245,0.8715,0.26,0.8455
1.0,20,0.9825,0.0315,0.9855,0.058,0.9805,0.9415,0.0265,0.9,0.9265,0.927,0.0,0.146,0.988,0.802,0.2475,0.1965,0.099,0.0,0.8605,0.2695,0.7255,0.817,0.396,1.0,0.2145,0.0555,0.1765,0.3555,0.265,0.634,0.6265,0.0165,0.373,0.3735,0.62,0.8755,0.1245,0.8715,0.243,0.8765
1.9,10,0.979,0.0315,0.9855,0.058,0.9805,0.9205,0.0265,0.8175,0.8905,0.927,0.073,0.146,0.9505,0.802,0.2475,0.198,0.099,0.067,0.73,0.2745,0.7255,0.817,0.4575,0.9085,0.366,0.0915,0.366,0.366,0.4575,0.634,0.6265,0.249,0.3735,0.3735,0.6225,0.692,0.1245,0.8715,0.6225,0.751
1.9,10,0.979,0.0315,0.9855,0.058,0.9805,0.9205,0.0265,0.8175,0.8905,0.927,0.073,0.146,0.9505,0.802,0.2475,0.198,0.099,0.0675,0.73,0.2745,0.7255,0.817,0.4575,0.9085,0.366,0.0915,0.366,0.366,0.4575,0.634,0.6265,0.249,0.3735,0.3735,0.6225,0.692,0.1245,0.8715,0.6225,0.751
1.9,10,0.979,0.0315,0.9855,0.058,0.9805,0.9205,0.0265,0.8175,0.8905,0.927,0.073,0.146,0.9505,0.802,0.2475,0.198,0.099,0.0675,0.73,0.2745,0.7255,0.817,0.4575,0.9085,0.366,0.0915,0.366,0.366,0.4575,0.634,0.6265,0.249,0.3735,0.3735,0.6225,0.6885,0.1245,0.8715,0.6225,0.751
1.9,10,0.979,0.0315,0.9855,0.058,0.9805,0.9205,0.0265,0.8175,0.8905,0.927,0.073,0.146,0.9505,0.802,0.2475,0.198,0.099,0.0665,0.73,0.2745,0.7255,0.817,0.4575,0.9085,0.366,0.0915,0.366,0.366,0.4575,0.634,0.6265,0.249,0.3735,0.3735,0.6225,0.689,0.1245,0.8715,0.6225,0.751
1.9,10,0.979,0.0315,0.9855,0.058,0.9805,0.9205,0.0265,0.8175,0.8905,0.927,0.073,0.146,0.9505,0.802,0.2475,0.198,0.099,0.067,0.73,0.2745,0.7255,0.817,0.4575,0.9085,0.366,0.0915,0.366,0.366,0.4575,0.634,0.6265,0.249,0.3735,0.3735,0.622,0.6805,0.1245,0.8715,0.6225,0.751
1.9,10,0.979,0.0315,0.9855,0.058,0.9805,0.9205,0.0265,0.8175,0.8905,0.927,0.073,0.146,0.9505,0.802,0.2475,0.198,0.099,0.0675,0.73,0.2745,0.7255,0.817,0.4575,0.9085,0.366,0.0915,0.366,0.366,0.4575,0.634,0.6265,0.249,0.3735,0.3735,0.6225,0.6925,0.1245,0.8715,0.6225,0.751
1.9,10,0.979,0.0315,0.9855,0.058,0.9805,0.9205,0.0265,0.8175,0.8905,0.927,0.073,0.146,0.9505,0.802,0.2475,0.198,0.099,0.067,0.73,0.2745,0.7255,0.817,0.4575,0.9085,0.366,0.0915,0.366,0.366,0.4575,0.634,0.6265,0.249,0.3735,0.3735,0.6225,0.6845,0.1245,0.8715,0.6225,0.751
1.9,10,0.979,0.0315,0.9855,0.058,0.9805,0.9205,0.0265,0.8175,0.8905,0.927,0.073,0.146,0.9505,0.802,0.2475,0.198,0.099,0.067,0.73,0.2745,0.7255,0.817,0.4575,0.9085,0.366,0.0915,0.366,0.366,0.4575,0.634,0.6265,0.249,0.3735,0.3735,0.6225,0.6905,0.1245,0.8715,0.6225,0.751
1.9,10,0.979,0.0315,0.9855,0.058,0.9805,0.9205,0.0265,0.8175,0.8905,0.927,0.073,0.146,0.9505,0.802,0.2475,0.198,0.099,0.0675,0.73,0.2745,0.7255,0.817,0.4575,0.9085,0.366,0.0915,0.366,0.366,0.4575,0.634,0.6265,0.249,0.3735,0.3735,0.6225,0.697,0.1245,0.8715,0.6225,0.751
1.9,10,0.979,0.0315,0.9855,0.058,0.9805,0.9205,0.0265,0.8175,0.8905,0.927,0.073,0.146,0.9505,0.802,0.2475,0.198,0.099,0.066,0.73,0.2745,0.7255,0.817,0.4575,0.9085,0.366,0.0915,0.366,0.366,0.4575,0.634,0.6265,0.249,0.3735,0.3735,0.6225,0.7,0.1245,0.8715,0.6225,0.751
1.9,10,0.979,0.0315,0.9855,0.058,0.9805,0.9205,0.0265,0.8175,0.8905,0.927,0.073,0.146,0.9505,0.802,0.2475,0.198,0.099,0.067,0.73,0.2745,0.7255,0.817,0.4575,0.9085,0.366,0.0915,0.366,0.366,0.4575,0.634,0.6265,0.249,0.3735,0.3735,0.6225,0.7005,0.1245,0.8715,0.6225,0.751
1.9,10,0.979,0.0315,0.9855,0.058,0.9805,0.9205,0.0265,0.8175,0.8905,0.927,0.073,0.146,0.9505,0.802,0.2475,0.198,0.099,0.0665,0.73,0.2745,0.7255,0.817,0.4575,0.9085,0.366,0.0915,0.366,0.366,0.4575,0.634,0.6265,0.249,0.3735,0.3735,0.622,0.7035,0.1245,0.8715,0.6225,0.751
1.9,20,0.979,0.0315,0.9855,0.058,0.9805,0.9205,0.0265,0.8175,0.9105,0.927,0.0655,0.146,0.9505,0.802,0.2475,0.198,0.099,0.0,0.7345,0.2745,0.7255,0.817,0.4575,0.935,0.349,0.0915,0.3575,0.366,0.441,0.634,0.6265,0.248,0.3735,0.3735,0.6225,0.808,0.1245,0.8715,0.6225,0.751
1.9,20,0.979,0.0315,0.9855,0.058,0.9805,0.9205,0.0265,0.8175,0.909,0.927,0.054,0.146,0.9505,0.802,0.2475,0.198,0.099,0.0,0.737,0.2745,0.7255,0.817,0.4575,0.9345,0.351,0.0915,0.3525,0.366,0.4405,0.634,0.6265,0.2485,0.3735,0.3735,0.6225,0.7955,0.1245,0.8715,0.622,0.751
1.9,20,0.9795,0.0315,0.9855,0.058,0.9805,0.9205,0.0265,0.8175,0.9185,0.927,0.058,0.146,0.9505,0.802,0.2475,0.198,0.099,0.0,0.7345,0.2745,0.7255,0.817,0.4575,0.9445,0.3405,0.0915,0.352,0.366,0.4345,0.634,0.6265,0.2475,0.3735,0.3735,0.6225,0.8035,0.1245,0.8715,0.6225,0.751
1.9,20,0.979,0.0315,0.9855,0.058,0.9805,0.921,0.0265,0.8175,0.91,0.927,0.0605,0.146,0.9505,0.802,0.2475,0.198,0.099,0.0,0.736,0.2745,0.7255,0.817,0.4575,0.933,0.341,0.0915,0.3585,0.366,0.447,0.634,0.6265,0.2475,0.3735,0.3735,0.6225,0.8,0.1245,0.8715,0.6215,0.751
1.9,20,0.9795,0.0315,0.9855,0.058,0.9805,0.9205,0.0265,0.8175,0.912,0.927,0.0605,0.146,0.9505,0.802,0.2475,0.198,0.099,0.0,0.732,0.2745,0.7255,0.817,0.4575,0.938,0.338,0.0915,0.355,0.3655,0.432,0.634,0.6265,0.248,0.3735,0.3735,0.6225,0.7955,0.1245,0.8715,0.6225,0.751
1.9,20,0.979,0.0315,0.9855,0.058,0.9805,0.9205,0.0265,0.8175,0.9185,0.927,0.05,0.146,0.9505,0.802,0.2475,0.198,0.099,0.0,0.7405,0.2745,0.7255,0.817,0.4575,0.952,0.346,0.0915,0.3535,0.366,0.4365,0.634,0.6265,0.2485,0.3735,0.3735,0.6225,0.804,0.1245,0.8715,0.622,0.751
1.9,20,0.979,0.0315,0.9855,0.058,0.9805,0.9205,0.0265,0.8175,0.913,0.927,0.067,0.146,0.9505,0.802,0.2475,0.198,0.099,0.0,0.7355,0.2745,0.7255,0.817,0.4575,0.9315,0.352,0.0915,0.355,0.366,0.437,0.634,0.6265,0.249,0.3735,0.3735,0.6225,0.8,0.1245,0.8715,0.6225,0.751
1.9,20,0.979,0.0315,0.9855,0.058,0.9805,0.921,0.0265,0.8175,0.916,0.927,0.0425,0.146,0.9505,0.802,0.2475,0.198,0.099,0.0,0.737,0.2745,0.7255,0.817,0.4575,0.936,0.351,0.0915,0.3505,0.366,0.439,0.634,0.6265,0.248,0.3735,0.3735,0.6225,0.8015,0.1245,0.8715,0.6225,0.751
1.9,20,0.979,0.0315,0.9855,0.058,0.9805,0.921,0.0265,0.8175,0.9115,0.927,0.0475,0.146,0.9505,0.802,0.2475,0.198,0.099,0.0,0.743,0.2745,0.7255,0.817,0.4575,0.949,0.335,0.0915,0.3555,0.366,0.4335,0.634,0.6265,0.247,0.3735,0.3735,0.6225,0.7985,0.1245,0.8715,0.6215,0.751
1.9,20,0.979,0.0315,0.9855,0.058,0.9805,0.9205,0.0265,0.8175,0.906,0.927,0.0365,0.146,0.9505,0.802,0.2475,0.198,0.099,0.0,0.739,0.2745,0.7255,0.817,0.4575,0.962,0.3305,0.0915,0.354,0.366,0.4345,0.634,0.6265,0.244,0.3735,0.3735,0.6225,0.8025,0.1245,0.8715,0.6225,0.751
1.9,20,0.979,0.0315,0.9855,0.058,0.9805,0.921,0.0265,0.8175,0.9055,0.927,0.0205,0.146,0.9505,0.802,0.2475,0.198,0.099,0.0,0.7475,0.2745,0.7255,0.817,0.4575,0.9665,0.338,0.0915,0.344,0.366,0.4305,0.634,0.6265,0.238,0.3735,0.3735,0.6225,0.8005,0.1245,0.8715,0.62,0.751
1.9,20,0.979,0.0315,0.9855,0.058,0.9805,0.9205,0.0265,0.8175,0.9185,0.927,0.02,0.146,0.9505,0.802,0.2475,0.198,0.099,0.0,0.736,0.2745,0.7255,0.817,0.4575,0.9735,0.3335,0.0915,0.3455,0.366,0.422,0.634,0.6265,0.2435,0.3735,0.3735,0.6225,0.806,0.1245,0.8715,0.6205,0.751
1.0,10,0.9855,0.0315,0.9855,0.054,1.0,0.973,0.0265,0.8425,0.927,0.967,0.0,0.0745,1.0,0.806,0.112,0.1145,0.099,0.0,0.8445,0.2725,0.817,1.0,0.183,1.0,0.1645,0.012,0.099,0.152,0.183,0.817,0.8715,0.0485,0.243,0.224,0.1245,0.8755,0.0195,0.509,0.3435,1.0
1.0,10,0.986,0.031,0.9855,0.0525,1.0,0.977,0.0265,0.8475,0.927,0.9755,0.0,0.078,1.0,0.8065,0.115,0.111,0.099,0.0,0.843,0.2725,0.817,1.0,0.183,1.0,0.165,0.014,0.104,0.1335,0.1835,0.817,0.874,0.065,0.2435,0.2375,0.1245,0.8755,0.002,0.501,0.311,1.0
1.0,10,0.986,0.0315,0.9855,0.0485,1.0,0.9735,0.0265,0.844,0.927,0.981,0.0,0.075,1.0,0.8075,0.111,0.115,0.099,0.0,0.8505,0.2715,0.817,1.0,0.183,1.0,0.1675,0.016,0.104,0.1305,0.183,0.817,0.8735,0.05,0.2195,0.2205,0.1245,0.8755,0.004,0.4995,0.296,1.0
1.0,10,0.987,0.0315,0.9855,0.053,1.0,0.981,0.0265,0.8515,0.9265,0.977,0.0,0.0765,1.0,0.8155,0.107,0.1145,0.099,0.0,0.84,0.271,0.817,1.0,0.183,1.0,0.1505,0.013,0.0965,0.1355,0.1835,0.817,0.8755,0.0335,0.236,0.212,0.1245,0.8755,0.001,0.497,0.3225,1.0
1.0,10,0.9845,0.0315,0.9855,0.0535,1.0,0.978,0.0265,0.8515,0.927,0.9795,0.0,0.0745,1.0,0.812,0.1065,0.119,0.099,0.0,0.8445,0.269,0.817,1.0,0.183,1.0,0.159,0.019,0.102,0.1285,0.183,0.817,0.875,0.0375,0.2395,0.2225,0.1245,0.8755,0.001,0.5045,0.292,1.0
1.0,10,0.986,0.0315,0.9855,0.0495,1.0,0.9835,0.0265,0.86,0.9265,0.9855,0.0,0.0745,1.0,0.8115,0.1115,0.1035,0.099,0.0,0.8505,0.269,0.817,1.0,0.183,1.0,0.139,0.0155,0.099,0.1295,0.183,0.817,0.875,0.027,0.208,0.1945,0.1245,0.8755,0.0,0.4915,0.264,1.0
1.0,10,0.9845,0.0315,0.9855,0.051,1.0,0.9895,0.0265,0.868,0.927,0.994,0.0,0.0745,1.0,0.8165,0.109,0.091,0.0985,0.0,0.859,0.27,0.817,1.0,0.3415,1.0,0.152,0.0065,0.0965,0.14,0.183,0.817,0.874,0.0265,0.204,0.1475,0.1245,0.8755,0.0005,0.4655,0.219,1.0
1.0,10,0.986,0.0315,0.9855,0.0495,1.0,0.989,0.0265,0.874,0.927,0.9975,0.0,0.074,1.0,0.8115,0.112,0.1,0.099,0.0,0.8625,0.2645,0.817,1.0,0.311,1.0,0.1335,0.0065,0.093,0.128,0.183,0.817,0.875,0.0095,0.1845,0.1425,0.1245,0.8755,0.0005,0.447,0.2045,1.0
1.0,10,0.9865,0.03,0.9855,0.043,1.0,0.9935,0.0265,0.894,0.927,0.992,0.0,0.073,1.0,0.8205,0.1065,0.097,0.0975,0.0,0.8645,0.269,0.817,1.0,0.3125,1.0,0.14,0.005,0.094,0.1305,0.183,0.817,0.8755,0.0085,0.179,0.1205,0.1245,0.8755,0.0,0.4505,0.199,1.0
1.0,10,0.9885,0.0315,0.9855,0.046,1.0,0.993,0.0265,0.8955,0.927,0.995,0.0,0.073,1.0,0.819,0.104,0.0905,0.098,0.0,0.863,0.2625,0.817,1.0,0.305,1.0,0.1275,0.0055,0.0935,0.12,0.1835,0.817,0.8745,0.013,0.177,0.116,0.1245,0.8755,0.0,0.444,0.1825,1.0
1.0,10,0.986,0.03,0.9855,0.049,1.0,0.995,0.0265,0.9005,0.927,0.998,0.0,0.073,1.0,0.8215,0.104,0.0805,0.0975,0.0,0.865,0.2645,0.817,1.0,0.2915,1.0,0.1295,0.0035,0.092,0.118,0.1835,0.817,0.8755,0.01,0.16,0.0995,0.1245,0.8755,0.0,0.451,0.169,1.0
1.0,10,0.988,0.0285,0.9855,0.04,1.0,0.996,0.0265,0.906,0.927,0.998,0.0,0.073,1.0,0.8195,0.1005,0.0785,0.095,0.0,0.864,0.2625,0.817,1.0,0.2775,1.0,0.118,0.003,0.0945,0.1185,0.183,0.817,0.875,0.0065,0.148,0.0885,0.1245,0.8755,0.0,0.439,0.1685,1.0
1.0,20,0.9895,0.021,1.0,0.03,0.984,1.0,0.0,0.927,0.927,1.0,0.0,0.073,1.0,0.8995,0.099,0.0495,0.0495,0.0,0.865,0.183,0.8165,1.0,0.183,1.0,0.0915,0.0,0.0915,0.0925,0.183,0.817,0.6285,0.0,0.1245,0.2845,0.1245,0.8755,0.0,0.8125,0.1245,1.0
1.0,20,0.9895,0.021,1.0,0.0295,0.987,1.0,0.0,0.927,0.927,1.0,0.0,0.073,1.0,0.901,0.099,0.0495,0.0495,0.0,0.865,0.183,0.817,1.0,0.183,1.0,0.0915,0.0,0.0915,0.092,0.183,0.817,0.6345,0.0,0.1245,0.259,0.1245,0.8755,0.0,0.7945,0.1245,1.0
1.0,20,0.9895,0.021,1.0,0.03,0.996,1.0,0.0,0.927,0.927,1.0,0.0,0.073,1.0,0.9005,0.099,0.0495,0.0495,0.0,0.865,0.183,0.8165,1.0,0.183,1.0,0.0915,0.0,0.0915,0.092,0.183,0.817,0.6375,0.0,0.1245,0.24,0.1245,0.8755,0.0,0.774,0.1245,1.0
1.0,20,0.9895,0.021,1.0,0.029,0.9895,1.0,0.0,0.927,0.927,1.0,0.0,0.073,1.0,0.901,0.099,0.0495,0.0495,0.0,0.865,0.183,0.817,1.0,0.183,1.0,0.0915,0.0,0.0915,0.0915,0.183,0.817,0.6445,0.0,0.1245,0.215,0.1245,0.8755,0.0,0.82,0.1245,1.0
1.0,20,0.9895,0.021,1.0,0.029,0.998,1.0,0.0,0.927,0.927,1.0,0.0,0.073,1.0,0.901,0.099,0.0495,0.0495,0.0,0.865,0.183,0.817,1.0,0.183,1.0,0.0915,0.0,0.0915,0.092,0.183,0.817,0.65,0.0,0.1245,0.169,0.1245,0.8755,0.0,0.7805,0.1245,1.0
1.0,20,0.9895,0.021,1.0,0.029,0.9945,1.0,0.0,0.927,0.927,1.0,0.0,0.073,1.0,0.901,0.099,0.0495,0.0495,0.0,0.865,0.183,0.817,1.0,0.183,1.0,0.0915,0.0,0.0915,0.0915,0.183,0.817,0.6325,0.0,0.1245,0.2075,0.1245,0.8755,0.0,0.7905,0.1245,1.0
1.0,20,0.9895,0.021,1.0,0.0295,0.988,1.0,0.0,0.927,0.927,1.0,0.0,0.073,1.0,0.901,0.099,0.0495,0.0495,0.0,0.865,0.183,0.817,1.0,0.183,1.0,0.0915,0.0,0.0915,0.092,0.183,0.817,0.635,0.0,0.1245,0.2305,0.1245,0.8755,0.0,0.782,0.1245,1.0
1.0,20,0.9895,0.021,1.0,0.029,0.992,1.0,0.0,0.927,0.927,1.0,0.0,0.073,1.0,0.901,0.099,0.0495,0.0495,0.0,0.865,0.183,0.817,1.0,0.183,1.0,0.0915,0.0,0.0915,0.0915,0.183,0.817,0.6335,0.0,0.1245,0.2155,0.1245,0.8755,0.0,0.803,0.1245,1.0
1.0,20,0.9895,0.021,1.0,0.029,0.988,1.0,0.0,0.927,0.927,1.0,0.0,0.073,1.0,0.901,0.099,0.0495,0.0495,0.0,0.865,0.183,0.817,1.0,0.183,1.0,0.0915,0.0,0.0915,0.092,0.183,0.817,0.644,0.0,0.1245,0.2225,0.1245,0.8755,0.0,0.789,0.1245,1.0
1.0,20,0.9895,0.021,1.0,0.0295,0.9945,1.0,0.0,0.927,0.927,1.0,0.0,0.073,1.0,0.901,0.0995,0.0495,0.0495,0.0,0.865,0.183,0.817,1.0,0.183,1.0,0.0915,0.0,0.0915,0.0915,0.183,0.817,0.646,0.0,0.1245,0.1935,0.1245,0.8755,0.0,0.7795,0.1245,1.0
1.0,20,0.9895,0.021,1.0,0.029,0.999,1.0,0.0,0.927,0.927,1.0,0.0,0.073,1.0,0.901,0.099,0.0495,0.0495,0.0,0.865,0.183,0.817,1.0,0.183,1.0,0.0915,0.0,0.0915,0.0915,0.183,0.817,0.646,0.0,0.1245,0.1785,0.1245,0.8755,0.0,0.761,0.1245,1.0
1.0,20,0.9895,0.021,1.0,0.0305,0.997,1.0,0.0,0.927,0.927,1.0,0.0,0.073,1.0,0.901,0.099,0.0495,0.0495,0.0,0.865,0.183,0.817,1.0,0.183,1.0,0.0915,0.0,0.0915,0.0915,0.183,0.817,0.642,0.0,0.1245,0.1885,0.1245,0.8755,0.0,0.7395,0.1245,1.0
1.9,10,0.9885,0.0255,0.9955,0.0345,1.0,0.9995,0.0265,0.9265,0.927,1.0,0.0,0.073,1.0,0.847,0.099,0.0545,0.074,0.0,0.865,0.2415,0.817,1.0,0.2135,1.0,0.1105,0.0,0.0915,0.1005,0.183,0.817,0.8755,0.0005,0.126,0.0195,0.1245,0.8755,0.0,0.3905,0.127,1.0
1.9,10,0.9885,0.027,1.0,0.035,1.0,1.0,0.0265,0.9265,0.927,1.0,0.0,0.073,1.0,0.854,0.099,0.0575,0.0685,0.0,0.865,0.2465,0.817,1.0,0.204,1.0,0.105,0.0,0.0915,0.096,0.183,0.817,0.8755,0.0,0.125,0.0095,0.1245,0.8755,0.0,0.3865,0.126,1.0
1.9,10,0.9895,0.026,1.0,0.034,1.0,0.9995,0.026,0.927,0.927,1.0,0.0,0.073,1.0,0.8555,0.099,0.0535,0.065,0.0,0.865,0.232,0.817,1.0,0.198,1.0,0.1005,0.0,0.0915,0.0965,0.183,0.817,0.8755,0.0,0.125,0.007,0.1245,0.8755,0.0,0.3835,0.126,1.0
1.9,10,0.9895,0.0225,1.0,0.035,1.0,1.0,0.0245,0.927,0.927,1.0,0.0,0.073,1.0,0.862,0.099,0.054,0.057,0.0,0.865,0.2265,0.817,1.0,0.19,1.0,0.105,0.0,0.0915,0.0965,0.183,0.817,0.8755,0.0,0.1245,0.006,0.1245,0.8755,0.0,0.3805,0.1255,1.0
1.9,10,0.9895,0.022,1.0,0.0335,1.0,0.9995,0.024,0.9265,0.927,1.0,0.0,0.073,1.0,0.8675,0.099,0.0525,0.055,0.0,0.865,0.229,0.817,1.0,0.1885,1.0,0.1015,0.0,0.0915,0.094,0.183,0.817,0.8755,0.0,0.1245,0.0055,0.1245,0.8755,0.0,0.3865,0.1265,1.0
1.9,10,0.9895,0.021,1.0,0.0345,1.0,1.0,0.023,0.927,0.927,1.0,0.0,0.073,1.0,0.8695,0.099,0.0525,0.0565,0.0,0.865,0.214,0.817,1.0,0.187,1.0,0.097,0.0,0.0915,0.0935,0.183,0.817,0.8755,0.0,0.1245,0.0075,0.1245,0.8755,0.0,0.3835,0.1245,1.0
1.9,10,0.989,0.021,1.0,0.029,1.0,1.0,0.0105,0.927,0.927,1.0,0.0,0.073,1.0,0.877,0.099,0.05,0.05,0.0,0.865,0.202,0.817,1.0,0.185,1.0,0.0965,0.0,0.0915,0.096,0.183,0.817,0.8755,0.0,0.1245,0.0005,0.1245,0.8755,0.0,0.3785,0.1245,1.0
1.9,10,0.9895,0.021,1.0,0.0295,1.0,1.0,0.0105,0.927,0.927,1.0,0.0,0.073,1.0,0.8825,0.099,0.0505,0.051,0.0,0.865,0.2025,0.817,1.0,0.1845,1.0,0.095,0.0,0.0915,0.092,0.183,0.817,0.8755,0.0,0.125,0.0025,0.1245,0.8755,0.0,0.378,0.1245,1.0
1.9,10,0.9895,0.021,1.0,0.029,1.0,1.0,0.005,0.927,0.927,1.0,0.0,0.073,1.0,0.88,0.099,0.05,0.0495,0.0,0.865,0.1955,0.817,1.0,0.184,1.0,0.096,0.0,0.0915,0.0935,0.183,0.817,0.8755,0.0,0.1245,0.0,0.1245,0.8755,0.0,0.3795,0.1245,1.0
1.9,10,0.989,0.021,1.0,0.031,1.0,1.0,0.004,0.927,0.927,1.0,0.0,0.073,1.0,0.8835,0.099,0.0505,0.0495,0.0,0.865,0.198,0.817,1.0,0.1835,1.0,0.095,0.0,0.0915,0.093,0.183,0.817,0.8755,0.0,0.1245,0.0,0.1245,0.8755,0.0,0.3775,0.1245,1.0
1.9,10,0.989,0.0215,1.0,0.0295,1.0,1.0,0.0075,0.927,0.927,1.0,0.0,0.073,1.0,0.8875,0.099,0.0505,0.0495,0.0,0.865,0.2055,0.817,1.0,0.1835,1.0,0.095,0.0,0.0915,0.092,0.183,0.817,0.8755,0.0,0.1245,0.001,0.1245,0.8755,0.0,0.3765,0.1245,1.0
1.9,10,0.9895,0.021,1.0,0.0305,1.0,1.0,0.004,0.927,0.927,1.0,0.0,0.073,1.0,0.887,0.099,0.0495,0.0495,0.0,0.865,0.191,0.817,1.0,0.1835,1.0,0.0935,0.0,0.0915,0.093,0.183,0.817,0.8755,0.0,0.1245,0.0,0.1245,0.8755,0.0,0.377,0.1245,1.0
1.9,20,0.9895,0.021,1.0,0.029,1.0,1.0,0.0,0.927,0.927,1.0,0.0,0.073,1.0,0.901,0.099,0.0495,0.0495,0.0,0.865,0.183,0.817,1.0,0.183,1.0,0.0915,0.0,0.0915,0.0915,0.183,0.817,0.702,0.0,0.1245,0.0805,0.1245,0.8755,0.0,0.7005,0.1245,1.0
1.9,20,0.9895,0.021,1.0,0.029,1.0,1.0,0.0,0.927,0.927,1.0,0.0,0.073,1.0,0.901,0.099,0.0495,0.0495,0.0,0.865,0.183,0.817,1.0,0.183,1.0,0.0915,0.0,0.0915,0.0915,0.183,0.817,0.705,0.0,0.1245,0.0855,0.1245,0.8755,0.0,0.705,0.1245,1.0
1.9,20,0.9895,0.021,1.0,0.029,1.0,1.0,0.0,0.927,0.927,1.0,0.0,0.073,1.0,0.901,0.099,0.0495,0.0495,0.0,0.865,0.183,0.817,1.0,0.183,1.0,0.0915,0.0,0.0915,0.0915,0.183,0.817,0.6985,0.0,0.1245,0.0795,0.1245,0.8755,0.0,0.695,0.1245,1.0
1.9,20,0.9895,0.021,1.0,0.029,0.9995,1.0,0.0,0.927,0.927,1.0,0.0,0.073,1.0,0.901,0.099,0.0495,0.0495,0.0,0.865,0.183,0.817,1.0,0.183,1.0,0.0915,0.0,0.0915,0.0915,0.183,0.817,0.738,0.0,0.1245,0.0545,0.1245,0.8755,0.0,0.707,0.1245,1.0
1.9,20,0.9895,0.021,1.0,0.029,1.0,1.0,0.0,0.927,0.927,1.0,0.0,0.073,1.0,0.901,0.099,0.0495,0.0495,0.0,0.865,0.183,0.817,1.0,0.183,1.0,0.0915,0.0,0.0915,0.0915,0.183,0.817,0.759,0.0,0.1245,0.0335,0.1245,0.8755,0.0,0.6485,0.1245,1.0
1.9,20,0.9895,0.021,1.0,0.029,1.0,1.0,0.0,0.927,0.927,1.0,0.0,0.073,1.0,0.901,0.099,0.0495,0.0495,0.0,0.865,0.183,0.817,1.0,0.183,1.0,0.0915,0.0,0.0915,0.0915,0.183,0.817,0.7585,0.0,0.1245,0.031,0.1245,0.8755,0.0,0.672,0.1245,1.0
1.9,20,0.9895,0.021,1.0,0.029,1.0,1.0,0.0,0.927,0.927,1.0,0.0,0.073,1.0,0.901,0.099,0.0495,0.0495,0.0,0.865,0.183,0.817,1.0,0.183,1.0,0.0915,0.0,0.0915,0.0915,0.183,0.817,0.748,0.0,0.1245,0.041,0.1245,0.8755,0.0,0.641,0.1245,1.0
1.9,20,0.9895,0.021,1.0,0.029,1.0,1.0,0.0,0.927,0.927,1.0,0.0,0.073,1.0,0.901,0.099,0.0495,0.0495,0.0,0.865,0.183,0.817,1.0,0.183,1.0,0.0915,0.0,0.0915,0.0915,0.183,0.817,0.734,0.0,0.1245,0.039,0.1245,0.8755,0.0,0.668,0.1245,1.0
1.9,20,0.9895,0.021,1.0,0.029,1.0,1.0,0.0,0.927,0.927,1.0,0.0,0.073,1.0,0.901,0.099,0.0495,0.0495,0.0,0.865,0.183,0.817,1.0,0.183,1.0,0.0915,0.0,0.0915,0.0915,0.183,0.817,0.7505,0.0,0.1245,0.0355,0.1245,0.8755,0.0,0.655,0.1245,1.0
1.9,20,0.9895,0.021,1.0,0.029,1.0,1.0,0.0,0.927,0.927,1.0,0.0,0.073,1.0,0.901,0.099,0.0495,0.0495,0.0,0.865,0.183,0.817,1.0,0.183,1.0,0.0915,0.0,0.0915,0.0915,0.183,0.817,0.7695,0.0,0.1245,0.0295,0.1245,0.8755,0.0,0.646,0.1245,1.0
1.9,20,0.9895,0.021,1.0,0.029,1.0,1.0,0.0,0.927,0.927,1.0,0.0,0.073,1.0,0.901,0.099,0.0495,0.0495,0.0,0.865,0.183,0.817,1.0,0.183,1.0,0.0915,0.0,0.0915,0.0915,0.183,0.817,0.788,0.0,0.1245,0.0135,0.1245,0.8755,0.0,0.646,0.1245,1.0
1.9,20,0.9895,0.021,1.0,0.029,1.0,1.0,0.0,0.927,0.927,1.0,0.0,0.073,1.0,0.901,0.099,0.0495,0.0495,0.0,0.865,0.183,0.817,1.0,0.183,1.0,0.0915,0.0,0.0915,0.0915,0.183,0.817,0.757,0.0,0.1245,0.021,0.1245,0.8755,0.0,0.635,0.1245,1.0
1.0,10,0.989,0.028,0.9855,0.037,1.0,0.999,0.0265,0.922,0.927,0.9985,0.0,0.073,1.0,0.833,0.1,0.064,0.0905,0.0,0.865,0.2545,0.817,1.0,0.23,1.0,0.1215,0.0,0.0915,0.101,0.183,0.817,0.8755,0.002,0.129,0.051,0.1245,0.8755,0.0,0.391,0.1275,1.0
1.0,10,0.989,0.0285,0.994,0.041,1.0,1.0,0.0265,0.926,0.927,1.0,0.0,0.073,1.0,0.8485,0.1,0.061,0.0825,0.0,0.865,0.2465,0.817,1.0,0.2255,1.0,0.1155,0.0,0.0915,0.0975,0.183,0.817,0.8755,0.0,0.127,0.029,0.1245,0.8755,0.0,0.379,0.1275,1.0
1.0,10,0.989,0.027,1.0,0.034,1.0,1.0,0.026,0.9265,0.927,1.0,0.0,0.073,1.0,0.8475,0.099,0.055,0.072,0.0,0.865,0.248,0.817,1.0,0.1975,1.0,0.106,0.0,0.0915,0.103,0.183,0.817,0.8755,0.0,0.125,0.015,0.1245,0.8755,0.0,0.388,0.127,1.0
1.0,10,0.9895,0.0245,1.0,0.0375,1.0,0.999,0.0265,0.9265,0.927,1.0,0.0,0.073,1.0,0.8555,0.099,0.062,0.073,0.0,0.865,0.2385,0.817,1.0,0.193,1.0,0.1065,0.0,0.0915,0.1005,0.183,0.817,0.8755,0.0,0.1245,0.016,0.1245,0.8755,0.0,0.383,0.1255,1.0
1.0,10,0.989,0.0265,1.0,0.0365,1.0,0.9995,0.026,0.926,0.927,1.0,0.0,0.073,1.0,0.853,0.099,0.0625,0.073,0.0,0.865,0.243,0.817,1.0,0.2,1.0,0.1095,0.0005,0.0915,0.101,0.183,0.817,0.8755,0.0,0.1245,0.017,0.1245,0.8755,0.0,0.39,0.129,1.0
1.0,10,0.9885,0.026,1.0,0.0355,1.0,1.0,0.0245,0.926,0.927,1.0,0.0,0.073,1.0,0.852,0.1,0.0575,0.0605,0.0,0.865,0.232,0.817,1.0,0.197,1.0,0.1085,0.001,0.0915,0.0965,0.183,0.817,0.8755,0.0,0.1265,0.0135,0.1245,0.8755,0.0,0.381,0.125,1.0
1.0,10,0.9895,0.025,0.999,0.038,1.0,0.999,0.0265,0.924,0.927,1.0,0.0,0.073,1.0,0.844,0.1,0.057,0.078,0.0,0.865,0.2375,0.817,1.0,0.208,1.0,0.1085,0.0,0.0915,0.108,0.183,0.817,0.8755,0.002,0.1275,0.0185,0.1245,0.8755,0.0,0.3875,0.1295,1.0
1.0,10,0.989,0.026,1.0,0.0345,1.0,1.0,0.026,0.9265,0.927,1.0,0.0,0.073,1.0,0.859,0.099,0.057,0.07,0.0,0.865,0.2355,0.817,1.0,0.198,1.0,0.104,0.0,0.0915,0.105,0.183,0.817,0.8755,0.0,0.127,0.015,0.1245,0.8755,0.0,0.3815,0.1255,1.0
1.0,10,0.9885,0.0215,1.0,0.0305,1.0,0.9995,0.0245,0.927,0.927,1.0,0.0,0.073,1.0,0.861,0.099,0.058,0.0565,0.0,0.865,0.223,0.817,1.0,0.192,1.0,0.102,0.0,0.0915,0.099,0.183,0.817,0.8755,0.0,0.1255,0.004,0.1245,0.8755,0.0,0.3835,0.1255,1.0
1.0,10,0.9895,0.0235,1.0,0.0315,1.0,1.0,0.0255,0.927,0.927,1.0,0.0,0.073,1.0,0.87,0.099,0.052,0.0555,0.0,0.865,0.227,0.817,1.0,0.187,1.0,0.1025,0.0,0.0915,0.098,0.183,0.817,0.8755,0.0,0.1245,0.0065,0.1245,0.8755,0.0,0.38,0.1255,1.0
1.0,10,0.9895,0.023,1.0,0.0335,1.0,1.0,0.0225,0.927,0.927,1.0,0.0,0.073,1.0,0.87,0.099,0.0545,0.0525,0.0,0.865,0.2165,0.817,1.0,0.186,1.0,0.096,0.0005,0.0915,0.1,0.183,0.817,0.8755,0.0,0.1245,0.0045,0.1245,0.8755,0.0,0.38,0.1245,1.0
1.0,10,0.9895,0.0215,1.0,0.0315,1.0,1.0,0.02,0.927,0.927,1.0,0.0,0.073,1.0,0.8735,0.099,0.0535,0.054,0.0,0.865,0.2125,0.817,1.0,0.1845,1.0,0.0965,0.0,0.0915,0.097,0.183,0.817,0.8755,0.0,0.1245,0.0015,0.1245,0.8755,0.0,0.3825,0.125,1.0
1.0,20,0.9895,0.021,1.0,0.029,0.9985,1.0,0.0,0.927,0.927,1.0,0.0,0.073,1.0,0.901,0.099,0.0495,0.0495,0.0,0.865,0.183,0.817,1.0,0.183,1.0,0.0915,0.0,0.0915,0.0915,0.183,0.817,0.6385,0.0,0.1245,0.167,0.1245,0.8755,0.0,0.803,0.1245,1.0
1.0,20,0.9895,0.021,1.0,0.029,0.997,1.0,0.0,0.927,0.927,1.0,0.0,0.073,1.0,0.901,0.099,0.0495,0.0495,0.0,0.865,0.183,0.817,1.0,0.183,1.0,0.0915,0.0,0.0915,0.0915,0.183,0.817,0.6455,0.0,0.1245,0.214,0.1245,0.8755,0.0,0.802,0.1245,1.0
1.0,20,0.9895,0.021,1.0,0.029,1.0,1.0,0.0,0.927,0.927,1.0,0.0,0.073,1.0,0.901,0.099,0.0495,0.0495,0.0,0.865,0.183,0.817,1.0,0.183,1.0,0.0915,0.0,0.0915,0.0915,0.183,0.817,0.6415,0.0,0.1245,0.141,0.1245,0.8755,0.0,0.7725,0.1245,1.0
1.0,20,0.9895,0.021,1.0,0.029,1.0,1.0,0.0,0.927,0.927,1.0,0.0,0.073,1.0,0.901,0.099,0.0495,0.0495,0.0,0.865,0.183,0.817,1.0,0.183,1.0,0.0915,0.0,0.0915,0.0915,0.183,0.817,0.656,0.0,0.1245,0.148,0.1245,0.8755,0.0,0.7335,0.1245,1.0
1.0,20,0.9895,0.021,1.0,0.029,1.0,1.0,0.0,0.927,0.927,1.0,0.0,0.073,1.0,0.901,0.099,0.0495,0.0495,0.0,0.865,0.183,0.817,1.0,0.183,1.0,0.0915,0.0,0.0915,0.0915,0.183,0.817,0.6515,0.0,0.1245,0.153,0.1245,0.8755,0.0,0.747,0.1245,1.0
1.0,20,0.9895,0.021,1.0,0.029,1.0,1.0,0.0,0.927,0.927,1.0,0.0,0.073,1.0,0.901,0.099,0.0495,0.0495,0.0,0.865,0.183,0.817,1.0,0.183,1.0,0.0915,0.0,0.0915,0.0915,0.183,0.817,0.644,0.0,0.1245,0.1335,0.1245,0.8755,0.0,0.7445,0.1245,1.0
1.0,20,0.9895,0.021,1.0,0.03,1.0,1.0,0.0,0.927,0.927,1.0,0.0,0.073,1.0,0.901,0.0995,0.0495,0.0495,0.0,0.865,0.183,0.817,1.0,0.183,1.0,0.0915,0.0,0.0915,0.0915,0.183,0.817,0.646,0.0,0.1245,0.1505,0.1245,0.8755,0.0,0.772,0.1245,1.0
1.0,20,0.9895,0.021,1.0,0.029,1.0,1.0,0.0,0.927,0.927,1.0,0.0,0.073,1.0,0.901,0.099,0.0495,0.0495,0.0,0.865,0.183,0.817,1.0,0.183,1.0,0.0915,0.0,0.0915,0.0915,0.183,0.817,0.6445,0.0,0.1245,0.1445,0.1245,0.8755,0.0,0.747,0.1245,1.0
1.0,20,0.9895,0.021,1.0,0.029,1.0,1.0,0.0,0.927,0.927,1.0,0.0,0.073,1.0,0.901,0.099,0.0495,0.0495,0.0,0.865,0.183,0.817,1.0,0.183,1.0,0.0915,0.0,0.0915,0.0915,0.183,0.817,0.6355,0.0,0.1245,0.1365,0.1245,0.8755,0.0,0.795,0.1245,1.0
1.0,20,0.9895,0.021,1.0,0.029,1.0,1.0,0.0,0.927,0.927,1.0,0.0,0.073,1.0,0.901,0.099,0.0495,0.0495,0.0,0.865,0.183,0.817,1.0,0.183,1.0,0.0915,0.0,0.0915,0.092,0.183,0.817,0.6425,0.0,0.1245,0.1265,0.1245,0.8755,0.0,0.7745,0.1245,1.0
1.0,20,0.9895,0.021,1.0,0.029,1.0,1.0,0.0,0.927,0.927,1.0,0.0,0.073,1.0,0.901,0.099,0.0495,0.0495,0.0,0.865,0.183,0.8165,1.0,0.183,1.0,0.0915,0.0,0.0915,0.0915,0.183,0.817,0.639,0.0,0.1245,0.128,0.1245,0.8755,0.0,0.788,0.1245,1.0
1.0,20,0.9895,0.021,1.0,0.029,1.0,1.0,0.0,0.927,0.927,1.0,0.0,0.073,1.0,0.901,0.099,0.0495,0.0495,0.0,0.865,0.183,0.817,1.0,0.183,1.0,0.0915,0.0,0.0915,0.0915,0.183,0.817,0.631,0.0,0.1245,0.1335,0.1245,0.8755,0.0,0.7885,0.1245,1.0
1.9,10,0.9855,0.0315,0.9855,0.0545,1.0,0.9835,0.0265,0.8555,0.927,0.98,0.0,0.073,1.0,0.8165,0.1065,0.1055,0.099,0.0,0.854,0.271,0.817,1.0,0.388,1.0,0.168,0.0105,0.0965,0.1355,0.1835,0.817,0.875,0.041,0.2205,0.219,0.1245,0.8755,0.0,0.4355,0.2725,1.0
1.9,10,0.9875,0.0315,0.9855,0.0505,1.0,0.9815,0.0265,0.8795,0.927,0.991,0.0,0.073,1.0,0.821,0.1025,0.1035,0.0985,0.0,0.8545,0.27,0.817,1.0,0.3715,1.0,0.1575,0.0115,0.0975,0.1265,0.183,0.817,0.8755,0.026,0.19,0.1805,0.1245,0.8755,0.0,0.427,0.2325,1.0
1.9,10,0.988,0.0315,0.9855,0.05,1.0,0.9885,0.0265,0.9,0.927,0.9835,0.0,0.074,1.0,0.83,0.101,0.0855,0.0985,0.0,0.8585,0.2685,0.817,1.0,0.341,1.0,0.1435,0.0065,0.0955,0.12,0.183,0.817,0.8755,0.015,0.1585,0.161,0.1245,0.8755,0.0,0.4285,0.212,1.0
1.9,10,0.989,0.0315,0.9855,0.049,1.0,0.9895,0.0265,0.899,0.927,0.994,0.0,0.073,1.0,0.8255,0.101,0.0875,0.0965,0.0,0.8585,0.2675,0.817,1.0,0.3195,1.0,0.141,0.01,0.094,0.115,0.183,0.817,0.8755,0.0115,0.152,0.119,0.1245,0.8755,0.0,0.4095,0.199,1.0
1.9,10,0.9885,0.0315,0.9855,0.049,1.0,0.9895,0.0265,0.9025,0.927,0.9925,0.0,0.073,1.0,0.831,0.1015,0.0915,0.098,0.0,0.8625,0.2685,0.817,1.0,0.3045,1.0,0.1345,0.0095,0.092,0.115,0.183,0.817,0.8755,0.011,0.152,0.1285,0.1245,0.8755,0.0,0.414,0.1865,1.0
1.9,10,0.988,0.0315,0.9855,0.0445,1.0,0.9925,0.0265,0.905,0.927,0.9955,0.0,0.073,1.0,0.8305,0.1015,0.0855,0.0965,0.0,0.862,0.263,0.817,1.0,0.2745,1.0,0.139,0.006,0.093,0.1245,0.183,0.817,0.8755,0.02,0.141,0.105,0.1245,0.8755,0.0,0.4115,0.173,1.0
1.9,10,0.987,0.0315,0.9855,0.0465,1.0,0.994,0.0265,0.9105,0.927,0.9975,0.0,0.0735,1.0,0.826,0.104,0.079,0.0945,0.0,0.8585,0.258,0.817,1.0,0.2775,1.0,0.133,0.003,0.093,0.123,0.183,0.817,0.8755,0.0045,0.1545,0.0855,0.1245,0.8755,0.0,0.409,0.1725,1.0
1.9,10,0.9875,0.031,0.9855,0.048,1.0,0.996,0.0265,0.909,0.927,0.998,0.0,0.0735,1.0,0.8275,0.1015,0.0775,0.0955,0.0,0.863,0.263,0.817,1.0,0.311,1.0,0.134,0.001,0.0915,0.1165,0.183,0.817,0.8755,0.0105,0.157,0.1055,0.1245,0.8755,0.0,0.4115,0.1685,1.0
1.9,10,0.988,0.0305,0.9855,0.043,1.0,0.9945,0.0265,0.9215,0.927,0.9975,0.0,0.073,1.0,0.836,0.103,0.0805,0.0845,0.0,0.863,0.2555,0.817,1.0,0.246,1.0,0.121,0.001,0.093,0.1145,0.183,0.817,0.8755,0.0065,0.1465,0.0555,0.1245,0.8755,0.0,0.401,0.15,1.0
1.9,10,0.9875,0.0305,0.9855,0.041,1.0,0.9935,0.0265,0.9125,0.927,0.9955,0.0,0.073,1.0,0.839,0.1035,0.0795,0.0945,0.0,0.862,0.2515,0.817,1.0,0.2515,1.0,0.1215,0.002,0.0925,0.118,0.183,0.817,0.875,0.0065,0.1485,0.0695,0.1245,0.8755,0.0,0.4045,0.162,1.0
1.9,10,0.987,0.0305,0.9855,0.046,1.0,0.9935,0.0265,0.9185,0.927,0.9975,0.0,0.0735,1.0,0.838,0.101,0.0755,0.091,0.0,0.8635,0.261,0.817,1.0,0.2465,1.0,0.12,0.0045,0.092,0.1105,0.183,0.817,0.8755,0.0035,0.141,0.0705,0.1245,0.8755,0.0,0.413,0.1475,1.0
1.9,10,0.989,0.03,0.9855,0.047,1.0,0.9985,0.0265,0.9225,0.927,0.997,0.0,0.073,1.0,0.84,0.1025,0.076,0.0865,0.0,0.863,0.2555,0.817,1.0,0.2495,1.0,0.115,0.0005,0.0935,0.115,0.183,0.817,0.8755,0.0025,0.138,0.054,0.1245,0.8755,0.0,0.415,0.152,1.0
1.9,20,0.9895,0.021,1.0,0.029,0.9865,1.0,0.0,0.927,0.927,1.0,0.0,0.073,1.0,0.901,0.099,0.0495,0.0495,0.0,0.865,0.183,0.816,1.0,0.183,1.0,0.0915,0.0,0.0915,0.0915,0.183,0.817,0.6405,0.0,0.1245,0.2435,0.1245,0.8755,0.0,0.8035,0.1245,1.0
1.9,20,0.9895,0.021,1.0,0.029,0.9985,1.0,0.0,0.927,0.927,1.0,0.0,0.073,1.0,0.901,0.099,0.0495,0.0495,0.0,0.865,0.183,0.8145,1.0,0.183,1.0,0.0915,0.0,0.0915,0.0915,0.183,0.817,0.64,0.0,0.1245,0.224,0.1245,0.8755,0.0,0.7695,0.1245,1.0
1.9,20,0.9895,0.021,1.0,0.03,0.9965,1.0,0.0,0.927,0.927,1.0,0.0,0.073,1.0,0.9005,0.1,0.0495,0.0495,0.0,0.865,0.183,0.816,1.0,0.183,1.0,0.0915,0.0,0.0915,0.092,0.183,0.817,0.651,0.0,0.1245,0.2205,0.1245,0.8755,0.0,0.798,0.1245,1.0
1.9,20,0.9895,0.021,1.0,0.03,0.995,1.0,0.0,0.927,0.927,1.0,0.0,0.073,1.0,0.901,0.099,0.0495,0.0495,0.0,0.865,0.183,0.817,1.0,0.183,1.0,0.0915,0.0,0.0915,0.0915,0.183,0.817,0.649,0.0,0.1245,0.2335,0.1245,0.8755,0.0,0.7905,0.1245,1.0
1.9,20,0.9895,0.021,1.0,0.029,0.996,1.0,0.0,0.927,0.927,1.0,0.0,0.073,1.0,0.899,0.099,0.0495,0.0495,0.0,0.865,0.183,0.817,1.0,0.183,1.0,0.0915,0.0,0.0915,0.092,0.183,0.817,0.6435,0.0,0.1245,0.204,0.1245,0.8755,0.0,0.7655,0.1245,1.0
1.9,20,0.9895,0.021,1.0,0.0295,0.997,1.0,0.0,0.927,0.927,1.0,0.0,0.073,1.0,0.9005,0.099,0.0495,0.0495,0.0,0.865,0.183,0.817,1.0,0.183,1.0,0.0915,0.0,0.0915,0.0915,0.183,0.817,0.6465,0.0,0.1245,0.2035,0.1245,0.8755,0.0,0.777,0.1245,1.0
1.9,20,0.9895,0.021,1.0,0.03,0.998,1.0,0.0,0.927,0.927,1.0,0.0,0.073,1.0,0.901,0.1,0.0495,0.0495,0.0,0.865,0.183,0.816,1.0,0.183,1.0,0.0915,0.0,0.0915,0.0915,0.183,0.817,0.6485,0.0,0.1245,0.2535,0.1245,0.8755,0.0,0.795,0.1245,1.0
1.9,20,0.9895,0.021,1.0,0.03,0.9965,1.0,0.0,0.927,0.927,1.0,0.0,0.073,1.0,0.9005,0.099,0.0495,0.0495,0.0,0.865,0.183,0.8165,1.0,0.183,1.0,0.0915,0.0,0.0915,0.092,0.183,0.817,0.648,0.0,0.1245,0.2405,0.1245,0.8755,0.0,0.7975,0.1245,1.0
1.9,20,0.9895,0.021,1.0,0.0295,0.996,1.0,0.0,0.927,0.927,1.0,0.0,0.073,1.0,0.9005,0.099,0.0495,0.0495,0.0,0.865,0.183,0.817,1.0,0.183,1.0,0.0915,0.0,0.0915,0.0915,0.183,0.817,0.65,0.0,0.1245,0.218,0.1245,0.8755,0.0,0.7845,0.1245,1.0
1.9,20,0.9895,0.021,1.0,0.029,0.9965,1.0,0.0,0.927,0.927,1.0,0.0,0.073,1.0,0.9,0.099,0.0495,0.0495,0.0,0.865,0.183,0.8165,1.0,0.183,1.0,0.0915,0.0,0.0915,0.0915,0.183,0.817,0.6515,0.0,0.1245,0.1935,0.1245,0.8755,0.0,0.78,0.1245,1.0
1.9,20,0.9895,0.021,1.0,0.03,0.997,1.0,0.0,0.927,0.927,1.0,0.0,0.073,1.0,0.9005,0.0995,0.0495,0.0495,0.0,0.865,0.183,0.816,1.0,0.183,1.0,0.0915,0.0,0.0915,0.092,0.183,0.817,0.6495,0.0,0.1245,0.1985,0.1245,0.8755,0.0,0.7875,0.1245,1.0
1.9,20,0.9895,0.021,1.0,0.03,0.9995,1.0,0.0,0.927,0.927,1.0,0.0,0.073,1.0,0.9005,0.1,0.0495,0.0495,0.0,0.865,0.183,0.817,1.0,0.183,1.0,0.0915,0.0,0.0915,0.0915,0.183,0.817,0.6485,0.0,0.1245,0.1835,0.1245,0.8755,0.0,0.792,0.1245,1.0
1.0,10,0.979,0.0315,0.9855,0.058,0.9975,0.9205,0.0265,0.8175,0.8915,0.927,0.073,0.146,0.9505,0.802,0.2475,0.198,0.099,0.0005,0.73,0.2745,0.727,0.817,0.4575,0.9085,0.366,0.0915,0.366,0.366,0.4485,0.634,0.6265,0.249,0.3735,0.3735,0.5765,0.7135,0.1245,0.8715,0.6225,0.751
1.0,10,0.979,0.0315,0.9855,0.058,0.999,0.9205,0.0265,0.8175,0.891,0.927,0.073,0.146,0.9505,0.802,0.2475,0.198,0.099,0.0,0.73,0.2745,0.727,0.817,0.4575,0.9085,0.366,0.0915,0.366,0.366,0.444,0.634,0.6265,0.249,0.3735,0.3735,0.5685,0.728,0.1245,0.8715,0.6225,0.751
1.0,10,0.979,0.0315,0.9855,0.058,0.9995,0.9205,0.0265,0.8175,0.8905,0.927,0.073,0.146,0.9505,0.802,0.2475,0.198,0.099,0.0005,0.73,0.2745,0.727,0.817,0.4575,0.9085,0.366,0.0915,0.366,0.366,0.4375,0.634,0.6265,0.249,0.3735,0.3735,0.556,0.721,0.1245,0.8715,0.6225,0.751
1.0,10,0.979,0.0315,0.9855,0.058,0.999,0.9205,0.0265,0.8175,0.891,0.927,0.073,0.146,0.9505,0.802,0.2475,0.198,0.099,0.0005,0.73,0.2745,0.7295,0.817,0.4575,0.9085,0.366,0.0915,0.366,0.366,0.4425,0.635,0.6265,0.249,0.3735,0.3735,0.5425,0.7425,0.1245,0.8715,0.6225,0.751
1.0,10,0.979,0.0315,0.9855,0.058,1.0,0.9205,0.0265,0.8175,0.891,0.927,0.073,0.146,0.9505,0.802,0.2475,0.198,0.099,0.0,0.73,0.2745,0.73,0.817,0.4575,0.9085,0.366,0.0915,0.366,0.366,0.4435,0.636,0.6265,0.249,0.3735,0.3735,0.536,0.725,0.1245,0.8715,0.6225,0.751
1.0,10,0.979,0.0315,0.9855,0.058,1.0,0.9205,0.0265,0.8175,0.893,0.927,0.073,0.146,0.9505,0.802,0.2475,0.198,0.099,0.0,0.73,0.2745,0.7285,0.817,0.4575,0.9085,0.366,0.0915,0.366,0.366,0.437,0.6355,0.6265,0.249,0.3735,0.3735,0.5275,0.737,0.1245,0.8715,0.6225,0.751
1.0,10,0.979,0.0315,0.9855,0.058,1.0,0.9205,0.0265,0.8175,0.891,0.927,0.073,0.146,0.9505,0.802,0.2475,0.198,0.099,0.0,0.73,0.2745,0.7305,0.817,0.4575,0.9085,0.366,0.0915,0.366,0.366,0.448,0.635,0.6265,0.249,0.3735,0.3735,0.5305,0.736,0.1245,0.8715,0.6225,0.751
1.0,10,0.979,0.0315,0.9855,0.058,1.0,0.9205,0.0265,0.8175,0.8905,0.927,0.073,0.146,0.9505,0.802,0.2475,0.198,0.099,0.0,0.73,0.2745,0.73,0.817,0.4575,0.9085,0.366,0.0915,0.366,0.366,0.4445,0.6355,0.6265,0.249,0.3735,0.3735,0.521,0.756,0.1245,0.8715,0.6225,0.751
1.0,10,0.979,0.0315,0.9855,0.058,1.0,0.9205,0.0265,0.8175,0.891,0.927,0.073,0.146,0.9505,0.802,0.2475,0.198,0.099,0.0,0.73,0.2745,0.7325,0.817,0.4575,0.9085,0.366,0.0915,0.366,0.366,0.44,0.6355,0.6265,0.249,0.3735,0.3735,0.4915,0.7715,0.1245,0.871,0.6225,0.751
1.0,10,0.979,0.0315,0.9855,0.058,1.0,0.9205,0.0265,0.8175,0.894,0.927,0.073,0.146,0.9505,0.802,0.2475,0.198,0.099,0.0,0.73,0.2745,0.737,0.817,0.4575,0.9085,0.366,0.0915,0.366,0.366,0.44,0.64,0.6265,0.249,0.3735,0.3735,0.4955,0.751,0.1245,0.8715,0.6225,0.751
1.0,10,0.979,0.0315,0.9855,0.058,1.0,0.9205,0.0265,0.8175,0.893,0.927,0.073,0.146,0.9505,0.802,0.2475,0.198,0.099,0.0,0.73,0.2745,0.734,0.817,0.4575,0.9085,0.366,0.0915,0.366,0.366,0.439,0.6395,0.6265,0.249,0.3735,0.3735,0.4975,0.768,0.1245,0.8715,0.6225,0.751
1.0,10,0.979,0.0315,0.9855,0.058,1.0,0.9205,0.0265,0.8175,0.893,0.927,0.073,0.146,0.9505,0.802,0.2475,0.198,0.099,0.0,0.73,0.2745,0.733,0.817,0.4575,0.9085,0.366,0.0915,0.366,0.366,0.4405,0.6395,0.6265,0.249,0.3735,0.3735,0.4695,0.763,0.1245,0.8715,0.6225,0.751
1.0,20,0.9855,0.0315,0.9855,0.058,0.9805,0.939,0.0265,0.9105,0.9265,0.927,0.0,0.146,0.9995,0.802,0.2475,0.1955,0.099,0.0,0.865,0.272,0.7255,0.825,0.3435,1.0,0.214,0.0405,0.1685,0.3545,0.2825,0.6345,0.6265,0.006,0.3725,0.3735,0.6185,0.8755,0.1245,0.8715,0.1815,0.872
1.0,20,0.985,0.0315,0.9855,0.058,0.9805,0.943,0.0265,0.902,0.9265,0.927,0.0,0.146,1.0,0.802,0.247,0.195,0.099,0.0,0.858,0.2705,0.7255,0.8615,0.3355,1.0,0.1895,0.027,0.166,0.3555,0.279,0.635,0.6265,0.0025,0.3385,0.3735,0.612,0.8755,0.124,0.8715,0.1765,0.871
1.0,20,0.9875,0.0305,0.9855,0.058,0.9805,0.9455,0.0265,0.9125,0.9265,0.927,0.0,0.1455,1.0,0.802,0.2475,0.192,0.099,0.0,0.865,0.2725,0.7255,0.843,0.361,1.0,0.184,0.0465,0.1815,0.353,0.2705,0.6355,0.6265,0.0075,0.3685,0.3735,0.619,0.8755,0.124,0.8715,0.1815,0.9085
1.0,20,0.9865,0.0295,0.9855,0.058,0.9805,0.9435,0.0265,0.9115,0.927,0.927,0.0,0.143,1.0,0.802,0.2475,0.1975,0.099,0.0,0.8645,0.273,0.7255,0.858,0.3305,1.0,0.1775,0.0255,0.1505,0.3535,0.261,0.636,0.6265,0.0065,0.367,0.3735,0.613,0.8755,0.123,0.8715,0.171,0.9445
1.0,20,0.9865,0.0315,0.9855,0.058,0.9805,0.947,0.0265,0.915,0.927,0.927,0.0,0.1455,1.0,0.802,0.247,0.194,0.099,0.0,0.8635,0.2685,0.7255,0.8835,0.318,1.0,0.1545,0.037,0.181,0.354,0.2535,0.6365,0.6265,0.0,0.3675,0.3735,0.614,0.8755,0.1245,0.8715,0.1625,0.9635
1.0,20,0.988,0.029,0.9855,0.058,0.9805,0.948,0.0265,0.9185,0.9255,0.927,0.0,0.144,1.0,0.802,0.247,0.196,0.099,0.0,0.864,0.267,0.7255,0.849,0.315,1.0,0.176,0.039,0.177,0.3515,0.2525,0.6365,0.6265,0.005,0.3575,0.3735,0.6135,0.8755,0.124,0.8715,0.167,0.9635
1.0,20,0.9815,0.0315,0.9855,0.058,0.9805,0.9395,0.0265,0.9045,0.926,0.927,0.0,0.146,1.0,0.802,0.2475,0.1955,0.099,0.0,0.864,0.268,0.7255,0.83,0.329,1.0,0.1815,0.0595,0.186,0.3585,0.271,0.634,0.6265,0.0045,0.3725,0.3735,0.62,0.8755,0.1245,0.8715,0.178,0.8755
1.0,20,0.9825,0.0315,0.9855,0.058,0.9805,0.9425,0.0265,0.903,0.926,0.927,0.0,0.146,1.0,0.802,0.247,0.1975,0.099,0.0,0.864,0.2725,0.7255,0.8295,0.3475,1.0,0.202,0.055,0.195,0.356,0.277,0.636,0.6265,0.0135,0.366,0.3735,0.618,0.8755,0.1245,0.8715,0.186,0.8805
1.0,20,0.9865,0.0315,0.9855,0.058,0.9805,0.9455,0.0265,0.9105,0.9265,0.927,0.0,0.146,1.0,0.802,0.2475,0.196,0.099,0.0,0.865,0.2685,0.7255,0.846,0.347,1.0,0.1885,0.044,0.159,0.352,0.265,0.6365,0.6265,0.0015,0.372,0.3735,0.617,0.8755,0.1245,0.8715,0.1645,0.917
1.0,20,0.9845,0.0315,0.9855,0.058,0.9805,0.944,0.0265,0.9105,0.9265,0.927,0.0,0.144,1.0,0.802,0.2475,0.1965,0.099,0.0,0.865,0.271,0.7255,0.839,0.318,1.0,0.1985,0.0385,0.1585,0.355,0.2645,0.638,0.6265,0.005,0.3605,0.3735,0.621,0.8755,0.1245,0.8715,0.1755,0.93
1.0,20,0.9835,0.031,0.9855,0.058,0.9805,0.9505,0.0265,0.9095,0.927,0.927,0.0,0.145,0.9995,0.802,0.2475,0.197,0.099,0.0,0.8635,0.264,0.7255,0.8505,0.316,1.0,0.1815,0.0495,0.159,0.356,0.2615,0.634,0.6265,0.0035,0.3695,0.3735,0.6155,0.8755,0.1245,0.8715,0.186,0.949
1.0,20,0.9855,0.031,0.9855,0.058,0.9805,0.94,0.0265,0.9155,0.9265,0.927,0.0,0.146,0.999,0.802,0.2475,0.1975,0.099,0.0,0.8645,0.269,0.7255,0.863,0.331,1.0,0.1765,0.0385,0.173,0.357,0.275,0.637,0.6265,0.0055,0.3685,0.3735,0.6145,0.8755,0.1245,0.8715,0.2095,0.919
1.9,10,0.979,0.0315,0.9855,0.058,0.9805,0.9205,0.0265,0.8175,0.8905,0.927,0.073,0.146,0.9505,0.802,0.2475,0.198,0.099,0.0285,0.73,0.2745,0.7255,0.817,0.4575,0.9085,0.366,0.0915,0.366,0.366,0.4575,0.634,0.6265,0.249,0.3735,0.3735,0.6215,0.6555,0.1245,0.8715,0.6225,0.751
1.9,10,0.979,0.0315,0.9855,0.058,0.9805,0.9205,0.0265,0.8175,0.8905,0.927,0.073,0.146,0.9505,0.802,0.2475,0.198,0.099,0.029,0.73,0.2745,0.7255,0.817,0.4575,0.9085,0.366,0.0915,0.366,0.366,0.4565,0.634,0.6265,0.249,0.3735,0.3735,0.6205,0.6595,0.1245,0.8715,0.6225,0.751
1.9,10,0.979,0.0315,0.9855,0.058,0.9805,0.9205,0.0265,0.8175,0.8905,0.927,0.073,0.146,0.9505,0.802,0.2475,0.198,0.099,0.0265,0.73,0.2745,0.7255,0.817,0.4575,0.9085,0.366,0.0915,0.366,0.366,0.456,0.634,0.6265,0.249,0.3735,0.3735,0.6165,0.6745,0.1245,0.8715,0.6225,0.751
1.9,10,0.979,0.0315,0.9855,0.058,0.9805,0.9205,0.0265,0.8175,0.8905,0.927,0.073,0.146,0.9505,0.802,0.2475,0.198,0.099,0.0145,0.73,0.2745,0.7255,0.817,0.4575,0.9085,0.366,0.0915,0.366,0.366,0.456,0.634,0.6265,0.249,0.3735,0.3735,0.6165,0.6645,0.1245,0.8715,0.6225,0.751
1.9,10,0.979,0.0315,0.9855,0.058,0.9805,0.9205,0.0265,0.8175,0.8905,0.927,0.073,0.146,0.9505,0.802,0.2475,0.198,0.099,0.0205,0.73,0.2745,0.7255,0.817,0.4575,0.9085,0.366,0.0915,0.366,0.366,0.457,0.634,0.6265,0.249,0.3735,0.3735,0.6195,0.665,0.1245,0.8715,0.6225,0.751
1.9,10,0.979,0.0315,0.9855,0.058,0.981,0.9205,0.0265,0.8175,0.8905,0.927,0.073,0.146,0.9505,0.802,0.2475,0.198,0.099,0.0185,0.73,0.2745,0.7255,0.817,0.4575,0.9085,0.366,0.0915,0.366,0.366,0.455,0.634,0.6265,0.249,0.3735,0.3735,0.617,0.671,0.1245,0.8715,0.6225,0.751
1.9,10,0.979,0.0315,0.9855,0.058,0.9805,0.9205,0.0265,0.8175,0.8905,0.927,0.073,0.146,0.9505,0.802,0.2475,0.198,0.099,0.0395,0.73,0.2745,0.7255,0.817,0.4575,0.9085,0.366,0.0915,0.366,0.366,0.4575,0.634,0.6265,0.249,0.3735,0.3735,0.621,0.645,0.1245,0.8715,0.6225,0.751
1.9,10,0.979,0.0315,0.9855,0.058,0.9805,0.9205,0.0265,0.8175,0.8905,0.927,0.073,0.146,0.9505,0.802,0.2475,0.198,0.099,0.0365,0.73,0.2745,0.7255,0.817,0.4575,0.9085,0.366,0.0915,0.366,0.366,0.4575,0.634,0.6265,0.249,0.3735,0.3735,0.619,0.655,0.1245,0.8715,0.6225,0.751
1.9,10,0.979,0.0315,0.9855,0.058,0.9805,0.9205,0.0265,0.8175,0.8905,0.927,0.073,0.146,0.9505,0.802,0.2475,0.198,0.099,0.0355,0.73,0.2745,0.7255,0.817,0.4575,0.9085,0.366,0.0915,0.366,0.366,0.457,0.634,0.6265,0.249,0.3735,0.3735,0.6185,0.6565,0.1245,0.8715,0.6225,0.751
1.9,10,0.979,0.0315,0.9855,0.058,0.9805,0.9205,0.0265,0.8175,0.8905,0.927,0.073,0.146,0.9505,0.802,0.2475,0.198,0.099,0.0305,0.73,0.2745,0.7255,0.817,0.4575,0.9085,0.366,0.0915,0.366,0.366,0.4575,0.634,0.6265,0.249,0.3735,0.3735,0.622,0.655,0.1245,0.8715,0.6225,0.751
1.9,10,0.979,0.0315,0.9855,0.058,0.9805,0.9205,0.0265,0.8175,0.8905,0.927,0.073,0.146,0.9505,0.802,0.2475,0.198,0.099,0.036,0.73,0.2745,0.7255,0.817,0.4575,0.9085,0.366,0.0915,0.366,0.366,0.4575,0.634,0.6265,0.249,0.3735,0.3735,0.6205,0.6605,0.1245,0.8715,0.6225,0.751
1.9,10,0.979,0.0315,0.9855,0.058,0.9805,0.9205,0.0265,0.8175,0.8905,0.927,0.073,0.146,0.9505,0.802,0.2475,0.198,0.099,0.023,0.73,0.2745,0.7255,0.817,0.4575,0.9085,0.366,0.0915,0.366,0.366,0.457,0.634,0.6265,0.249,0.3735,0.3735,0.62,0.6475,0.1245,0.8715,0.6225,0.751
1.9,20,0.982,0.0315,0.9855,0.058,0.9805,0.924,0.0265,0.839,0.9245,0.927,0.0,0.146,0.963,0.802,0.2465,0.1975,0.099,0.0,0.835,0.2735,0.7255,0.817,0.4475,1.0,0.247,0.067,0.2855,0.364,0.327,0.634,0.6265,0.0585,0.373,0.3735,0.622,0.8755,0.1245,0.8715,0.3565,0.7525
1.9,20,0.9825,0.0315,0.9855,0.058,0.9805,0.93,0.0265,0.856,0.927,0.927,0.0,0.146,0.9565,0.802,0.2475,0.198,0.099,0.0,0.854,0.2725,0.7255,0.817,0.444,1.0,0.243,0.0585,0.251,0.362,0.3055,0.634,0.6265,0.041,0.3735,0.3735,0.621,0.8755,0.1245,0.8715,0.325,0.757
1.9,20,0.982,0.0315,0.9855,0.058,0.9805,0.926,0.0265,0.8665,0.926,0.927,0.0,0.146,0.9685,0.802,0.2475,0.1975,0.099,0.0,0.8555,0.273,0.7255,0.817,0.445,1.0,0.235,0.057,0.2275,0.3625,0.298,0.634,0.6265,0.037,0.3735,0.3735,0.6215,0.8755,0.1245,0.8715,0.2885,0.7665
1.9,20,0.9845,0.0315,0.9855,0.058,0.9805,0.93,0.0265,0.859,0.927,0.927,0.0,0.146,0.9875,0.802,0.247,0.198,0.099,0.0,0.857,0.2735,0.7255,0.817,0.4175,1.0,0.2345,0.054,0.2415,0.359,0.295,0.634,0.6265,0.0245,0.3705,0.3735,0.619,0.8755,0.1245,0.8715,0.2785,0.7795
1.9,20,0.983,0.0315,0.9855,0.058,0.9805,0.9365,0.0265,0.8785,0.9255,0.927,0.0,0.146,0.9735,0.802,0.2475,0.1975,0.099,0.0,0.858,0.2715,0.7255,0.817,0.421,1.0,0.2565,0.062,0.2125,0.3535,0.285,0.634,0.6265,0.0165,0.3735,0.3735,0.617,0.8755,0.1245,0.8715,0.2575,0.818
1.9,20,0.9865,0.0315,0.9855,0.058,0.9805,0.9335,0.0265,0.8755,0.927,0.927,0.0,0.1455,0.994,0.802,0.2455,0.198,0.099,0.0,0.861,0.2735,0.7255,0.817,0.401,1.0,0.2285,0.0495,0.209,0.354,0.27,0.634,0.6265,0.023,0.371,0.3735,0.6145,0.8755,0.1245,0.8715,0.2435,0.8215
1.9,20,0.9825,0.0315,0.9855,0.058,0.9805,0.9375,0.0265,0.8895,0.927,0.927,0.0,0.146,0.9915,0.802,0.247,0.198,0.099,0.0,0.856,0.2735,0.7255,0.82,0.3985,1.0,0.2345,0.0375,0.2055,0.3585,0.2875,0.634,0.6265,0.021,0.372,0.3735,0.6175,0.8755,0.1245,0.8715,0.227,0.819
1.9,20,0.985,0.0315,0.9855,0.058,0.9805,0.938,0.0265,0.8865,0.927,0.927,0.0,0.146,0.9995,0.802,0.247,0.196,0.099,0.0,0.863,0.271,0.7255,0.8215,0.3585,1.0,0.2015,0.0375,0.1835,0.354,0.276,0.6345,0.6265,0.008,0.372,0.3735,0.62,0.8755,0.1245,0.8715,0.1975,0.8815
1.9,20,0.9875,0.0315,0.9855,0.058,0.9805,0.9385,0.0265,0.9005,0.927,0.927,0.0,0.146,1.0,0.802,0.2465,0.197,0.099,0.0,0.8645,0.271,0.7255,0.8195,0.35,1.0,0.1995,0.0405,0.193,0.356,0.2515,0.6345,0.6265,0.009,0.3705,0.3735,0.615,0.8755,0.1245,0.8715,0.206,0.903
1.9,20,0.9845,0.0315,0.9855,0.058,0.9805,0.9405,0.0265,0.9035,0.927,0.927,0.0,0.146,1.0,0.802,0.246,0.197,0.099,0.0,0.8635,0.2705,0.7255,0.839,0.3755,1.0,0.207,0.04,0.1475,0.3455,0.2455,0.6355,0.6265,0.007,0.371,0.3735,0.611,0.8755,0.1245,0.8715,0.1735,0.946
1.9,20,0.986,0.0315,0.9855,0.058,0.9805,0.944,0.0265,0.918,0.926,0.927,0.0,0.146,1.0,0.802,0.247,0.1965,0.099,0.0,0.8625,0.268,0.7255,0.843,0.327,1.0,0.199,0.0355,0.146,0.348,0.2565,0.635,0.6265,0.0005,0.372,0.3735,0.6135,0.8755,0.1245,0.8715,0.176,0.9555
1.9,20,0.988,0.0305,0.9855,0.058,0.9805,0.94,0.0265,0.9125,0.927,0.927,0.0,0.146,1.0,0.802,0.246,0.1955,0.099,0.0,0.8645,0.269,0.7255,0.8345,0.2795,1.0,0.1805,0.036,0.1735,0.3455,0.252,0.638,0.6265,0.0015,0.368,0.3735,0.6115,0.8755,0.1245,0.8715,0.1915,0.978
1.0,10,0.979,0.0315,0.9855,0.058,1.0,0.9205,0.0265,0.8175,0.8905,0.927,0.073,0.146,0.9505,0.802,0.2475,0.198,0.099,0.0,0.73,0.2745,0.728,0.817,0.4575,0.9085,0.366,0.0915,0.366,0.366,0.45,0.634,0.6265,0.249,0.3735,0.3735,0.5395,0.7145,0.1245,0.8715,0.6225,0.751
1.0,10,0.979,0.0315,0.9855,0.058,1.0,0.9205,0.0265,0.8175,0.8905,0.927,0.073,0.146,0.9505,0.802,0.2475,0.198,0.099,0.0,0.73,0.2745,0.7295,0.817,0.4575,0.9085,0.366,0.0915,0.366,0.366,0.447,0.634,0.6265,0.249,0.3735,0.3735,0.5275,0.751,0.1245,0.8715,0.6225,0.751
1.0,10,0.979,0.0315,0.9855,0.058,1.0,0.9205,0.0265,0.8175,0.8905,0.927,0.073,0.146,0.9505,0.802,0.2475,0.198,0.099,0.0,0.73,0.2745,0.729,0.817,0.4575,0.9085,0.366,0.0915,0.366,0.366,0.4485,0.634,0.6265,0.249,0.3735,0.3735,0.5265,0.7305,0.1245,0.8715,0.6225,0.751
1.0,10,0.979,0.0315,0.9855,0.058,1.0,0.9205,0.0265,0.8175,0.8905,0.927,0.073,0.146,0.9505,0.802,0.2475,0.198,0.099,0.0,0.73,0.2745,0.7325,0.817,0.4575,0.9085,0.366,0.0915,0.366,0.366,0.4425,0.6345,0.6265,0.249,0.3735,0.3735,0.5095,0.742,0.1245,0.8715,0.6225,0.751
1.0,10,0.979,0.0315,0.9855,0.058,1.0,0.9205,0.0265,0.8175,0.892,0.927,0.073,0.146,0.9505,0.802,0.2475,0.198,0.099,0.0,0.73,0.2745,0.731,0.817,0.4575,0.9085,0.366,0.0915,0.366,0.366,0.44,0.6345,0.6265,0.249,0.3735,0.3735,0.4975,0.763,0.1245,0.8715,0.6225,0.751
1.0,10,0.979,0.0315,0.9855,0.058,1.0,0.9205,0.0265,0.8175,0.8915,0.927,0.073,0.146,0.9505,0.802,0.2475,0.198,0.099,0.0,0.73,0.2745,0.7325,0.817,0.4575,0.9085,0.366,0.0915,0.366,0.366,0.437,0.634,0.6265,0.249,0.3735,0.3735,0.469,0.754,0.1245,0.8715,0.6225,0.751
1.0,10,0.979,0.0315,0.9855,0.058,1.0,0.9205,0.0265,0.8175,0.891,0.927,0.073,0.146,0.9505,0.802,0.2475,0.198,0.099,0.0,0.73,0.2745,0.733,0.817,0.4575,0.9085,0.366,0.0915,0.366,0.366,0.443,0.6345,0.6265,0.249,0.3735,0.3735,0.4905,0.75,0.1245,0.8715,0.6225,0.751
1.0,10,0.979,0.0315,0.9855,0.058,1.0,0.9205,0.0265,0.8175,0.8905,0.927,0.073,0.146,0.9505,0.802,0.2475,0.198,0.099,0.0,0.73,0.2745,0.728,0.817,0.4575,0.9085,0.366,0.0915,0.366,0.366,0.4425,0.634,0.6265,0.249,0.3735,0.3735,0.4795,0.755,0.1245,0.8715,0.6225,0.751
1.0,10,0.979,0.0315,0.9855,0.058,1.0,0.9205,0.0265,0.8175,0.891,0.927,0.073,0.146,0.9505,0.802,0.2475,0.198,0.099,0.0,0.73,0.2745,0.729,0.817,0.4575,0.9085,0.366,0.0915,0.366,0.366,0.4435,0.635,0.6265,0.249,0.3735,0.3735,0.469,0.7555,0.1245,0.8715,0.6225,0.751
1.0,10,0.979,0.0315,0.9855,0.058,1.0,0.9205,0.0265,0.8175,0.8905,0.927,0.073,0.146,0.9505,0.802,0.2475,0.198,0.099,0.0,0.73,0.2745,0.74,0.817,0.4575,0.909,0.366,0.0915,0.366,0.366,0.439,0.637,0.6265,0.249,0.3735,0.3735,0.4435,0.768,0.1245,0.8715,0.6225,0.751
1.0,10,0.979,0.0315,0.9855,0.058,1.0,0.9205,0.0265,0.8175,0.891,0.927,0.073,0.146,0.9505,0.802,0.2475,0.198,0.099,0.0,0.73,0.2745,0.7325,0.817,0.4575,0.909,0.366,0.0915,0.366,0.366,0.437,0.6375,0.6265,0.249,0.3735,0.3735,0.4345,0.7605,0.1245,0.8715,0.6225,0.751
1.0,10,0.979,0.0315,0.9855,0.058,1.0,0.9205,0.0265,0.8175,0.891,0.927,0.073,0.146,0.9505,0.802,0.2475,0.198,0.099,0.0005,0.73,0.2745,0.7385,0.817,0.4575,0.9085,0.366,0.0915,0.366,0.366,0.4405,0.6375,0.6265,0.249,0.3735,0.3735,0.4125,0.786,0.1245,0.8715,0.6225,0.751
1.0,20,0.9865,0.0315,0.9855,0.058,0.9805,0.946,0.0265,0.9035,0.927,0.927,0.0,0.146,1.0,0.802,0.247,0.1935,0.099,0.0,0.8645,0.271,0.7255,0.829,0.35,1.0,0.205,0.017,0.152,0.338,0.269,0.634,0.6265,0.001,0.368,0.3735,0.619,0.8755,0.124,0.8715,0.1635,0.931
1.0,20,0.9865,0.0315,0.9855,0.058,0.9805,0.9485,0.0265,0.918,0.927,0.927,0.0,0.145,1.0,0.802,0.2475,0.195,0.099,0.0,0.864,0.266,0.7255,0.83,0.3195,1.0,0.204,0.0195,0.1525,0.3305,0.2495,0.634,0.6265,0.004,0.3685,0.3735,0.6165,0.8755,0.124,0.8715,0.1555,0.981
1.0,20,0.9865,0.0315,0.9855,0.058,0.9805,0.9505,0.0265,0.9105,0.927,0.927,0.0,0.145,1.0,0.802,0.247,0.19,0.099,0.0,0.8645,0.2665,0.7255,0.852,0.328,1.0,0.22,0.0225,0.144,0.332,0.2565,0.634,0.6265,0.007,0.3675,0.3735,0.6165,0.8755,0.1225,0.8715,0.1535,0.9765
1.0,20,0.9885,0.031,0.9855,0.058,0.9805,0.9535,0.0265,0.9225,0.927,0.927,0.0,0.1445,1.0,0.802,0.247,0.1955,0.099,0.0,0.8645,0.2665,0.7255,0.855,0.307,1.0,0.183,0.0185,0.138,0.318,0.2455,0.635,0.6265,0.0005,0.361,0.3735,0.615,0.8755,0.1225,0.8715,0.155,0.993
1.0,20,0.988,0.03,0.9855,0.058,0.9805,0.951,0.0265,0.924,0.926,0.927,0.0,0.146,1.0,0.802,0.2475,0.1925,0.099,0.0,0.8645,0.2665,0.7255,0.8615,0.2895,1.0,0.19,0.017,0.145,0.3195,0.2305,0.636,0.6265,0.0005,0.3575,0.3735,0.618,0.8755,0.1195,0.8715,0.1495,0.996
1.0,20,0.9875,0.0315,0.9855,0.058,0.9805,0.947,0.0265,0.9265,0.927,0.927,0.0,0.144,1.0,0.802,0.2455,0.191,0.099,0.0,0.865,0.2645,0.7255,0.88,0.2935,1.0,0.166,0.0225,0.142,0.3085,0.247,0.6395,0.6265,0.0005,0.3595,0.3735,0.613,0.8755,0.1205,0.8715,0.1375,0.9985
1.0,20,0.9875,0.03,0.9855,0.058,0.9805,0.9565,0.0265,0.9245,0.927,0.927,0.0,0.146,1.0,0.802,0.2475,0.193,0.099,0.0,0.865,0.2655,0.7255,0.9335,0.2525,1.0,0.1705,0.0085,0.105,0.3225,0.2375,0.6385,0.6265,0.0015,0.3575,0.3735,0.6145,0.8755,0.1215,0.8715,0.132,1.0
1.0,20,0.9875,0.031,0.9855,0.058,0.9805,0.9625,0.0265,0.927,0.927,0.927,0.0,0.142,1.0,0.802,0.246,0.1875,0.099,0.0,0.865,0.2635,0.7255,0.942,0.276,1.0,0.1635,0.012,0.123,0.3115,0.237,0.6365,0.6265,0.001,0.3465,0.3735,0.6075,0.8755,0.123,0.8715,0.1345,0.998
1.0,20,0.9885,0.0305,0.9855,0.058,0.9805,0.9565,0.0265,0.9255,0.927,0.927,0.0,0.1425,1.0,0.802,0.2475,0.1905,0.099,0.0,0.865,0.2585,0.7255,0.95,0.2535,1.0,0.1645,0.0125,0.11,0.3,0.225,0.6425,0.6265,0.0,0.3595,0.3735,0.6105,0.8755,0.1115,0.8715,0.13,1.0
1.0,20,0.989,0.028,0.9855,0.058,0.9805,0.966,0.0265,0.927,0.927,0.927,0.0,0.145,1.0,0.802,0.247,0.19,0.099,0.0,0.865,0.267,0.7255,0.966,0.225,1.0,0.131,0.007,0.1135,0.3125,0.2355,0.644,0.6265,0.0,0.3085,0.3735,0.6075,0.8755,0.1035,0.8715,0.135,1.0
1.0,20,0.9875,0.03,0.9855,0.058,0.9805,0.965,0.0265,0.926,0.927,0.927,0.0,0.143,1.0,0.802,0.247,0.1845,0.099,0.0,0.865,0.2585,0.7255,0.9775,0.2165,1.0,0.1385,0.01,0.1115,0.3035,0.2335,0.647,0.6265,0.0,0.3285,0.3735,0.5985,0.8755,0.1105,0.8715,0.126,1.0
1.0,20,0.9885,0.029,0.9855,0.058,0.9805,0.9685,0.0265,0.9265,0.927,0.927,0.0,0.1415,1.0,0.802,0.2455,0.183,0.099,0.0,0.865,0.255,0.7255,0.979,0.2145,1.0,0.15,0.0125,0.102,0.3005,0.2225,0.662,0.6265,0.0,0.3195,0.3735,0.592,0.8755,0.0875,0.8715,0.1245,1.0
1.9,10,0.979,0.0315,0.9855,0.058,1.0,0.9205,0.0265,0.8175,0.8955,0.927,0.073,0.146,0.9505,0.802,0.247,0.198,0.099,0.0,0.73,0.2745,0.779,0.817,0.4575,0.9985,0.366,0.0915,0.366,0.366,0.367,0.786,0.6265,0.249,0.3735,0.3735,0.227,0.78,0.1245,0.865,0.6225,0.751
1.9,10,0.979,0.0315,0.9855,0.058,1.0,0.9205,0.0265,0.8175,0.8965,0.927,0.073,0.146,0.9505,0.802,0.247,0.198,0.099,0.0,0.73,0.2745,0.783,0.817,0.4575,0.9985,0.365,0.0915,0.366,0.366,0.3545,0.7955,0.6265,0.249,0.3735,0.3735,0.211,0.7725,0.1245,0.8615,0.6225,0.751
1.9,10,0.979,0.0315,0.9855,0.058,1.0,0.9205,0.0265,0.8175,0.895,0.927,0.073,0.146,0.9505,0.802,0.2465,0.198,0.099,0.0,0.73,0.2745,0.782,0.817,0.4575,1.0,0.3655,0.0915,0.366,0.365,0.349,0.8055,0.6265,0.249,0.3735,0.3735,0.1915,0.786,0.1245,0.8615,0.6225,0.751
1.9,10,0.979,0.0315,0.9855,0.058,1.0,0.9205,0.0265,0.8175,0.9,0.927,0.073,0.146,0.9505,0.802,0.2475,0.198,0.099,0.0,0.73,0.2745,0.791,0.817,0.4575,1.0,0.3655,0.0915,0.366,0.365,0.334,0.812,0.6265,0.249,0.3735,0.3735,0.186,0.778,0.1245,0.8605,0.6225,0.751
1.9,10,0.979,0.0315,0.9855,0.058,1.0,0.9205,0.0265,0.8175,0.898,0.927,0.073,0.146,0.9505,0.802,0.2465,0.198,0.099,0.0,0.73,0.2745,0.7925,0.817,0.4575,1.0,0.3645,0.0915,0.366,0.3645,0.34,0.8115,0.627,0.249,0.3735,0.3735,0.1725,0.7915,0.1245,0.8625,0.6225,0.751
1.9,10,0.979,0.0315,0.9855,0.058,1.0,0.9205,0.0265,0.8175,0.898,0.927,0.073,0.146,0.9505,0.802,0.2465,0.198,0.099,0.0,0.73,0.2745,0.795,0.817,0.4575,1.0,0.366,0.0915,0.366,0.363,0.3165,0.816,0.6265,0.249,0.3735,0.3735,0.1655,0.795,0.1245,0.863,0.6225,0.751
1.9,10,0.979,0.0315,0.9855,0.058,1.0,0.9205,0.0265,0.8175,0.898,0.927,0.073,0.146,0.9505,0.802,0.2475,0.198,0.099,0.0,0.73,0.2745,0.7845,0.817,0.4575,1.0,0.366,0.0915,0.366,0.365,0.356,0.8055,0.6265,0.249,0.3735,0.3735,0.1905,0.781,0.1245,0.867,0.6225,0.751
1.9,10,0.979,0.0315,0.9855,0.058,1.0,0.9205,0.0265,0.8175,0.8955,0.927,0.073,0.146,0.9505,0.802,0.2475,0.198,0.099,0.0,0.73,0.2745,0.7865,0.817,0.4575,0.9995,0.3655,0.0915,0.366,0.366,0.358,0.8115,0.6265,0.249,0.3735,0.3735,0.1885,0.788,0.1245,0.8675,0.6225,0.751
1.9,10,0.979,0.0315,0.9855,0.058,1.0,0.9205,0.0265,0.8175,0.8935,0.927,0.073,0.146,0.9505,0.802,0.2465,0.198,0.099,0.0,0.73,0.2745,0.7935,0.817,0.4575,1.0,0.366,0.0915,0.366,0.365,0.343,0.815,0.6265,0.249,0.3735,0.3735,0.178,0.7805,0.1245,0.863,0.6225,0.751
1.9,10,0.979,0.0315,0.9855,0.058,1.0,0.9205,0.0265,0.8175,0.897,0.927,0.073,0.146,0.9505,0.802,0.2475,0.198,0.099,0.0,0.73,0.2745,0.7955,0.817,0.4575,1.0,0.365,0.0915,0.366,0.3655,0.362,0.8145,0.6265,0.249,0.3735,0.3735,0.1825,0.7805,0.1245,0.8655,0.6225,0.751
1.9,10,0.979,0.0315,0.9855,0.058,1.0,0.9205,0.0265,0.8175,0.9045,0.927,0.073,0.146,0.9505,0.802,0.2465,0.198,0.099,0.0,0.73,0.2745,0.7845,0.817,0.4575,1.0,0.365,0.0915,0.366,0.366,0.3395,0.8145,0.6265,0.249,0.3735,0.3735,0.1695,0.78,0.1245,0.868,0.6225,0.751
1.9,10,0.979,0.0315,0.9855,0.058,1.0,0.9205,0.0265,0.8175,0.896,0.927,0.073,0.146,0.9505,0.802,0.2475,0.198,0.099,0.0,0.73,0.2745,0.7965,0.817,0.4575,1.0,0.366,0.0915,0.366,0.366,0.3415,0.812,0.6265,0.249,0.3735,0.3735,0.1695,0.7895,0.1245,0.865,0.6225,0.751
1.9,20,0.9895,0.021,0.9855,0.058,0.9805,0.99,0.0265,0.927,0.927,0.927,0.0,0.117,1.0,0.8025,0.208,0.13,0.099,0.0,0.865,0.236,0.74,1.0,0.185,1.0,0.1195,0.0,0.0975,0.2245,0.1925,0.8075,0.6265,0.0005,0.172,0.3735,0.4125,0.8745,0.0,0.871,0.1245,1.0
1.9,20,0.9895,0.021,0.986,0.058,0.9805,0.992,0.0265,0.927,0.927,0.927,0.0,0.0985,1.0,0.8035,0.214,0.133,0.099,0.0,0.865,0.2295,0.737,1.0,0.1845,1.0,0.1155,0.0,0.095,0.219,0.192,0.8135,0.6265,0.0,0.166,0.3735,0.376,0.8755,0.0,0.871,0.1245,1.0
1.9,20,0.9895,0.021,0.997,0.057,0.9805,0.9915,0.0265,0.927,0.927,0.927,0.0,0.1065,1.0,0.804,0.1925,0.1195,0.099,0.0,0.865,0.232,0.7295,1.0,0.183,1.0,0.1115,0.0,0.096,0.213,0.189,0.81,0.6265,0.0,0.1455,0.3735,0.3735,0.8745,0.0,0.871,0.1245,1.0
1.9,20,0.9895,0.021,0.9945,0.0575,0.9805,0.994,0.0265,0.927,0.927,0.927,0.0,0.114,1.0,0.804,0.19,0.1145,0.099,0.0,0.865,0.2275,0.7435,1.0,0.1865,1.0,0.1255,0.0,0.092,0.2065,0.187,0.8135,0.6265,0.0,0.1455,0.3735,0.3395,0.8755,0.0,0.8715,0.1245,1.0
1.9,20,0.9895,0.021,1.0,0.058,0.9805,0.9975,0.0265,0.927,0.927,0.927,0.0,0.0965,1.0,0.8075,0.198,0.117,0.099,0.0,0.865,0.2225,0.7315,1.0,0.183,1.0,0.1075,0.0,0.092,0.1945,0.185,0.8155,0.6265,0.0,0.1545,0.3735,0.334,0.8755,0.0,0.8705,0.1245,1.0
1.9,20,0.9895,0.0215,1.0,0.058,0.9805,0.9945,0.0265,0.927,0.927,0.927,0.0,0.089,1.0,0.806,0.1935,0.1205,0.099,0.0,0.865,0.216,0.7275,1.0,0.183,1.0,0.1055,0.0,0.092,0.1945,0.188,0.8145,0.6265,0.0,0.14,0.3735,0.3215,0.8745,0.0,0.8705,0.1245,1.0
1.9,20,0.9895,0.021,0.9995,0.0575,0.9805,0.995,0.0265,0.927,0.927,0.927,0.0,0.1165,1.0,0.802,0.204,0.1175,0.099,0.0,0.865,0.233,0.744,1.0,0.183,1.0,0.122,0.0,0.094,0.2205,0.1905,0.811,0.6265,0.0,0.162,0.3735,0.334,0.875,0.0,0.871,0.1245,1.0
1.9,20,0.9895,0.021,1.0,0.058,0.9805,0.9945,0.0265,0.927,0.927,0.927,0.0,0.1,1.0,0.805,0.199,0.108,0.099,0.0,0.865,0.2275,0.729,1.0,0.183,1.0,0.1155,0.0,0.0915,0.201,0.194,0.8155,0.6265,0.0,0.133,0.3735,0.314,0.875,0.0,0.871,0.1245,1.0
1.9,20,0.9895,0.021,1.0,0.0575,0.9805,0.9955,0.0265,0.927,0.927,0.927,0.0,0.093,1.0,0.8095,0.1975,0.0965,0.0985,0.0,0.865,0.222,0.7395,1.0,0.183,1.0,0.106,0.0,0.0925,0.1805,0.188,0.8155,0.6265,0.0,0.131,0.3735,0.297,0.8755,0.0,0.8715,0.1245,1.0
1.9,20,0.9895,0.021,1.0,0.058,0.9805,0.9945,0.0265,0.927,0.927,0.927,0.0,0.094,1.0,0.81,0.2035,0.104,0.099,0.0,0.865,0.2135,0.735,1.0,0.183,1.0,0.106,0.0,0.0915,0.1985,0.1895,0.816,0.6265,0.0,0.13,0.3735,0.283,0.8755,0.0,0.8715,0.1245,1.0
1.9,20,0.9895,0.021,1.0,0.058,0.9805,0.9965,0.0265,0.927,0.927,0.927,0.0,0.097,1.0,0.8065,0.199,0.1165,0.098,0.0,0.865,0.2175,0.7425,1.0,0.183,1.0,0.099,0.0,0.093,0.183,0.188,0.8165,0.6265,0.0,0.132,0.3735,0.3055,0.8755,0.0,0.871,0.1245,1.0
1.9,20,0.9895,0.021,1.0,0.058,0.9805,0.997,0.0265,0.927,0.927,0.927,0.0,0.106,1.0,0.812,0.189,0.1055,0.0985,0.0,0.865,0.217,0.737,1.0,0.183,1.0,0.1045,0.0,0.0925,0.1855,0.1895,0.817,0.6265,0.0,0.1295,0.3735,0.2635,0.875,0.0,0.8695,0.1245,1.0
